/*
Navicat MySQL Data Transfer

Source Server         : new
Source Server Version : 80012
Source Host           : localhost:3306
Source Database       : paper

Target Server Type    : MYSQL
Target Server Version : 80012
File Encoding         : 65001

Date: 2019-05-27 08:46:12
*/

SET FOREIGN_KEY_CHECKS=0;

-- ----------------------------
-- Table structure for tbl_paper
-- ----------------------------
DROP TABLE IF EXISTS `tbl_paper`;
CREATE TABLE `tbl_paper` (
  `id` int(11) NOT NULL,
  `CLC` varchar(255) DEFAULT NULL,
  `author` varchar(255) DEFAULT NULL,
  `firstDuty` varchar(255) DEFAULT NULL,
  `fund` varchar(255) DEFAULT NULL,
  `keyword` varchar(255) DEFAULT NULL,
  `organ` varchar(255) DEFAULT NULL,
  `pageCount` varchar(255) DEFAULT NULL,
  `period` varchar(255) DEFAULT NULL,
  `pubTime` varchar(255) DEFAULT NULL,
  `source` varchar(255) DEFAULT NULL,
  `srcDatabase` varchar(255) DEFAULT NULL,
  `summary` text,
  `title` varchar(255) DEFAULT NULL,
  `volume` varchar(255) DEFAULT NULL,
  `year` varchar(255) DEFAULT NULL,
  `downloadUrl` varchar(10000) CHARACTER SET utf8 COLLATE utf8_general_ci DEFAULT NULL,
  PRIMARY KEY (`id`)
) ENGINE=MyISAM DEFAULT CHARSET=utf8;

-- ----------------------------
-- Records of tbl_paper
-- ----------------------------
INSERT INTO `tbl_paper` VALUES ('1', '', '蔡一玮;华静', '蔡一玮', '', '标题;;翻译;;计算机', '四川师范大学电子出版社', '7', '', '2019-06-01', '四川师范大学电子出版社', 'CPFDPREP', '随着中西方学术交流日渐频繁,学术论文的中译英成为现代学者一定会面临的问题。本文为使读者能够在今后选取英语论文标题时更加符合英语的思维习惯,通过收集英语学术论文的论文标题以及英译的学术论文标题进行对比分析,发现在标题的结构,介词结构短语的使用以及出现的高频词各有不同,并且主要对复合标题提供了一些翻译策略。', '中英学术论文标题语言特征对比分析与翻译——以计算机类学术论文标题为例', '', '2019', 'https://kns.cnki.net/kns/download.aspx?filename=EZTZ2KWRlaMN3MSZXcDlmVt10SFxkanNjWvplc1dXNLtkNQllSvd3cldnZmN0aRFUUhFDVCpGN3l2QnNnTGpGc=0TPnVWdr9EchVTWndzb4RWYzF2azgkd6x0TlxGW1RTdPJXcHdmN2d1TqB1RCdVSMB3ZRF3Uu90MBxUTn9yM1J&tablename=CPFDPREP&dflag=pdfdown');
INSERT INTO `tbl_paper` VALUES ('2', '', '王雨婷;华静', '王雨婷', '', '学术论文;;翻译研究;;计算机', '四川师范大学电子出版社', '6', '', '2019-06-01', '四川师范大学电子出版社', 'CPFDPREP', '随着计算机技术的发展,相关的著作、学术论文等纷纷涌现,为推动计算机技术的进步奠定了基础,同时也为从事科技英语翻译的工作人员提供了更多的空间。目前国内摘要翻译在专业词汇的英译、语法的灵活转换、语篇内容完整性上存在不足。为了充分而又准确地传达信息,译者应在科技英语翻译方法的基础上结合计算机英语的专业特点,采用文献法,描述法以及个案分析法概括分析国内摘要的语言特点以及国外摘要的语言特点,将国内摘要的中英文的语言特点以及国内英文摘要和国外英文摘要的语言特点进行对比,找出英文词汇使用上的缺陷。', '中英学术论文标题词汇特征对比分析与翻译——以计算机类学术论文词汇为例', '', '2019', 'https://kns.cnki.net/kns/download.aspx?filename=lS4hDNxZVVVVzVNZGe6BzckdEUDREe00WZZl2b2JGdFZVanZDRBZzdwJkTGlnYrMmZ1gVeEBDWPVUSMVleLJmQ=0TPnhVNxYVY04kMYRVeKRFOFJ0cDZ1MoVVS1kmaxYHc3VjUhNlbyg1cP1EbyMnV2BXdOlEa1cXYCFXWwkjYCJ&tablename=CPFDPREP&dflag=pdfdown');
INSERT INTO `tbl_paper` VALUES ('3', 'R749.94', '张菁;钱秋谨;王玉凤', '张菁', '“首都临床特色应用研究”专项资助课题(Z161100000516032);; 国家自然科学基金(81571340)', '注意多动缺陷障碍(ADHD);;虚拟现实(VR);;连续行为任务测试(CPT);;儿童', '北京大学第六医院北京大学精神卫生研究所国家精神心理疾病临床医学研究中心(北京大学第六医院)卫生部精神卫生学重点实验室(北京大学);', '453-458', '06', '2019-05-24 08:48', '中国心理卫生杂志', 'CAPJ2019', '虚拟现实技术因能够模拟真实环境这一优势而被纳入临床研究中。本文通过文献综述的形式比较虚拟现实技术与传统神经心理测试在辅助评估儿童ADHD方面的作用,结果分析表明虚拟现实技术在评估ADHD方面具有一定的前景。最后本文分析讨论了目前虚拟现实技术研究存在的不足以及未来可能研究的方向,希望对儿童ADHD辅助评估能提供一些新的思路。', '虚拟现实技术辅助评估儿童ADHD的应用(综述)', '', '2019', 'https://kns.cnki.net/kns/download.aspx?filename=RhlevUEboJXRNNVSwYWSZp3b1IHOJt2MBtCdZZTd4VVUZ9SOHt2d38UYJtyatFXUjhjUjdVUaN1UYZXRrlkQIZVOYZXejZkVyBHUJZHdtdndqlEbhhEe3Yncp12Z1E2LJR0VnZTbCtSVvFzVrEHT2wkdzFUbid3Y&tablename=CAPJLAST&dflag=pdfdown');
INSERT INTO `tbl_paper` VALUES ('4', '', '董秀玲', '董秀玲', '', '地理信息系统;;矿山测量;;运用', '甘肃省地矿局第四地质矿产勘查院;', '38-39', '04', '2019-05-24 10:06', '世界有色金属', 'CAPJ2019', '随着科学技术的不断进步,现如今在矿山测量中已经在大范围的在通过以地理信息系统协助的测量技术。现在的地理信息系统在我国发展程度在快速增长,甚至已经应用到了交通、通讯、紧急救灾等各个方面。由于地理信息系统能够帮助实现以最快的速度获取到矿山测量中的精准数据,能够帮助勘测工人减轻一点工作量。GIS技术在矿山测量中形成了固定的自动化数字系统,促进了矿山测量的发展。', '地理信息系统在矿山测量中运用', '', '2019', 'https://kns.cnki.net/kns/download.aspx?filename=L9GcixEd4BjYyg2dOVEa0gnTxJ1RN9iS4UlRVZHZvAnRVt2SFtCOwJzKEZHUmd0LyNTbMdFexdnb6pmVSpUWXxWQtJ0b5k1Y0hGeQJ0YxhDb240LGp2d4NVOhpUQT5kNlFjd6VkbxYlZDZDd4hUSMN3QndXWN9yK&tablename=CAPJLAST&dflag=pdfdown');
INSERT INTO `tbl_paper` VALUES ('5', '', '许玉风', '许玉风', '', '矿山地质勘探;;数据库;;信息管理系统', '甘肃省地矿局第四地质矿产勘查院;', '137+139', '04', '2019-05-24 10:06', '世界有色金属', 'CAPJ2019', '现在对矿山开采对象以及内部的储存资源都很难进行预测,这是对矿山经济效益与可持续性发展存在一定影响的重要原因之一。能够提升预测效果的方法有:通过使用数字技术能够有效的提高开采和勘探积累下的材料,提升数据的有效利用率。这样的方法改变了传统的资料、数据的存储介质与方法,能更有效的确保数据资料的安全,让数据的调动使用更加便利快捷。本文对矿山资源勘探与开发的整个过程中数据的特点进行了分析,说明了矿山数据库所面向的主题,存在随着时间的变化而变化、数据集成等数据仓库特点。因为投资和技术团队的因素,要想完整建立数据库系统还是需要等待的,但是建立矿山地质数据库源系统则需要尽早的实行。', '基于矿山地质勘查的数据库信息管理系统设计及应用', '', '2019', 'https://kns.cnki.net/kns/download.aspx?filename=5UmRpFWZ1hzQpNUQ3IEdRJVWyF0S48CWThnSrh2cxJHRjlFcnJmcMpld3I0dmdVYI9yQad2ZzlUcax2TpRXW40GRU9iQxAFRzB3Rvl1LzETRzVlQLtGc1BjTuNWQitydnN0TL9SYWp2ViljTX5UeENFRXNUdohzc&tablename=CAPJLAST&dflag=pdfdown');
INSERT INTO `tbl_paper` VALUES ('6', '', '邢玲玲', '邢玲玲', '', '单片机;;电气工程;;自动化控制', '甘肃畜牧工程职业技术学院;', '244-245', '04', '2019-05-24 10:06', '世界有色金属', 'CAPJ2019', '随着自动化、智能化水平的不断提高,电气工程自动化控制程度不断提高。单片机的使用提高了电气工程自动化控制的水平和能力,从而提高了企业的生产和工作效率。本文从单片机方面入手,分析单片机在电气工程自动化控制中的实际应用。', '单片机在电气工程自动化控制中的应用', '', '2019', 'https://kns.cnki.net/kns/download.aspx?filename=QFjbatSZ1R2TBh1ZRpWbphlTLVFMvQ0RQplNWR2bZ9WYKJWTlN3RVx2NwNVWBp2N5QFULdGWENXdVhXUs1UbxJEbJJFOptmSNJTSlJjai5WexVja2NnQ2MVYjdFNvdmRndTS3tiaHBlZWdjT4VzbGJXZrAVerVXM&tablename=CAPJLAST&dflag=pdfdown');
INSERT INTO `tbl_paper` VALUES ('7', '', '颜鲁薪', '颜鲁薪', '', '单片机;;矿山电气自动化;;控制技术', '武威职业学院;', '16-17', '05', '2019-05-24 11:38', '世界有色金属', 'CAPJ2019', '随着现代化技术的快速发展,单片机技术得到了飞跃发展,促进了微电子技术的发展,逐渐应用于各领域现代化技术中。矿产资源的高效开发利用是矿山企业急需面对的问题之一。随着单片机技术在矿山电气自动化控制系统中的应用,不仅提高了矿山电气设备的运行性能,减少了矿山安全隐患问题,还显著的提升了矿山仪器设备的自动化、智能化程度,积极的推动了矿山电气设备向智能化发展,提高了矿山企业的效益。', '单片机在矿山电气自动化控制技术中的应用', '', '2019', 'https://kns.cnki.net/kns/download.aspx?filename=W52bKZkUKJGUhl2M112MQJ0cX9GdtJVbpZmWpNmaahmdhF2UxBzUwkGMttybV9iejF0bwhmYCFmWudGWr4UMB5WWGVTVS1kSKdTbnFmQyt2b5oFbvkkUhhmawF0KNJEWvI0MLFXRvxmNKJXTnV0TJtGa49GOrdnV&tablename=CAPJLAST&dflag=pdfdown');
INSERT INTO `tbl_paper` VALUES ('8', '', '李付定', '李付定', '', '地理信息系统;;地质;;矿产勘查;;应用', '甘肃能源化工职业学院;', '260+262', '05', '2019-05-24 11:38', '世界有色金属', 'CAPJ2019', '随着当前科学技术以及信息技术快速发展,信息技术得到了较为广泛的应用,在日常的生产生活当中,产生了诸多信息系统,地理信息系统是在信息技术发展之上而产生的,通过地理信息系统可以有助于地质矿产勘查工作提供诸多便捷性,对于促使地质勘查行业可以实现进一步的发展具有重要的作用和意义,所以相关矿产勘查人员需要针对于地理信息系统高度重视。本文主要是关于地理信息系统在地质矿产勘查中的应用研究,以供相关专业人士进行参考和借鉴。', '试论地理信息系统在地质矿产勘查中的应用分析', '', '2019', 'https://kns.cnki.net/kns/download.aspx?filename=pdUa1EFSrAnN05GNrhGa3M3MZBnZrVFSGdERxpEbCtUdpNmcwd0YNNnMmZEeGVDN6tEcDp0aJJkQFZUWxgVTphEMMdna4QncTt0ZGJ0U0MkaspGZuFkUO9GdvkVSrR0UHlUNn5WSrplS1tESv1EW1VWR3FTNrJTe&tablename=CAPJLAST&dflag=pdfdown');
INSERT INTO `tbl_paper` VALUES ('9', '', '黑文彦', '黑文彦', '', '地理信息系统;;GPS控制测绘技术;;应用', '大理榆州自然资源规划事务有限公司;', '297-298', '05', '2019-05-24 11:38', '世界有色金属', 'CAPJ2019', '本文阐述了GPS控制测绘技术的优势,通过GPS技术的使用要点以及方法来探讨其在地理信息系统中的应用,旨在增强测量数据的准确性和时效性,减少信息的误差,推动GPS技术在测绘领域的可持续发展。', 'GPS测绘技术在地理信息系统中的应用', '', '2019', 'https://kns.cnki.net/kns/download.aspx?filename=58Ub2glQKZEVpd3KhFTRyF3LZpna0dUUVlFcDZHTZ9SaxQGenFGZ4Y3VjlESstyYKt2dxYEepplRHpUSPVGbop2aINna4Q2RrtkaGBFMrhkUCNXYPREa4hDV6d0MsR3SLBlTQZ1Tkh3ZFpHZO1WNnpEUsVVa0ImV&tablename=CAPJLAST&dflag=pdfdown');
INSERT INTO `tbl_paper` VALUES ('10', '', '欧明望;叶春杨', '欧明望', '', '神经网络;;医疗诊断;;个自然语言处理;;数据预处理', '海南大学计算机与网络空间安全学院;海南大学南海海洋资源利用国家重点实验室;', '14', '', '2019-05-24 14:03', '海南大学学报(自然科学版)', 'CAPJ2019', '医疗诊断一直是医疗问题的核心内容,诊断的准确率及效率关系着人们的生命和健康。随着近些年信息技术的快速发展,将新兴技术运用在医疗诊断成为提高诊断准确率和效率的新思路。本文的主要工作主要集中于医疗数据的预处理和神经网络模型的训练。传统的医疗数据杂乱无章,需要进行有效整理和规范化,本文将主要结合数据挖掘和自然语言处理技术,在保留医疗数据语义的同时,对分词工具语料库进行补充,将中文数据分词的同时的对其中大量的冗余信息进行清洗,最终将中文数据转换成计算机可识别的编码。与传统的svm和决策树模型相比,神经网络模型具有强大的拟合能力和容错性,本文将利用多种经典热门的神经网络模型来训练医疗数据,同时对比基于传统决策树模型的GBDT模型的训练结果;与传统的决策树和svm等算法基于二分类的单种疾病医疗诊断不同,本文医疗诊断是基于多分类的多种疾病诊断,最终实验结果证明,对于多种疾病诊断,神经网络模型的效果要优于其他模型,诊断准确率接近90%。', '基于神经网络的医疗诊断研究', '', '', 'https://kns.cnki.net/kns/download.aspx?filename=5x0UuNUOxN2UMdEeN5EORlENHNDZBN3RJRGMhJlSttCcpZ2MadHd4FHeYlHVpdjRhRlN3YmbDJWVFlmeMR2VUZ2UDJDWwh0ZQZ0VFl1L0hEaKtySVl0cKFDNZRDNpF3NUtyLnxmVopWM0QXajFHVpdTW0oHd1MWV&tablename=CAPJLAST&dflag=pdfdown');
INSERT INTO `tbl_paper` VALUES ('11', 'X143', '张彦;李明然;李新德', '张彦', '保定市科技计划项目(18ZF080)', '水环境承载力;;相关性分析;;主成分分析;;遗传算法;;BP神经网络', '河北省保定水文水资源勘测局;河北省水利科学研究院;', '10', '', '2019-05-24 15:47', '南水北调与水利科技', 'DKFX2019', '水环境承载力评价对于区域的水环境与人类社会经济的健康可持续发展具有重要的意义。为研究保定市水环境承载力状况,应用相关性分析和主成分分析相结合的方法筛选出10个评价指标,建立了遗传算法(GA)优化BP神经网络(BP-NN)的GA-NN评价模型,并与BP-NN评价模型对比,最后应用评价模型进行评价。结果显示:2001-2016年保定市水环境承载力呈现提高趋势,虽然水环境承载力水平有所提高,但仍处于较弱承载水平。与未经优化的BP-NN相比,GA-NN评价模型的拟合精度更高,拟合误差更加稳定,泛化能力更强,可作为一种简洁有效的水环境承载力评价方法。', 'GA-NN模型在保定市水环境承载力评价中的应用', '', '', 'https://kns.cnki.net/kns/download.aspx?filename=pVGePN0LhBVU1FEUzJXc3VFWrVVe4g0dxFFOQpFVot2LzYmYJd3QHhGbnRUYvMlN0M2UUdHbkNmcElEcEpXYwNWQuNEa59Wc0RHboZUUDJHd3MXVUVFewYVN3ATVap1RGR2Lo92LONFVvlnRvRjbHZFVaFjSxVzT&tablename=CAPJLAST&dflag=pdfdown');
INSERT INTO `tbl_paper` VALUES ('12', '', '刘杰;周保群', '刘杰', '', '网络虚拟化;;vxlan;;路由交换协议;;ospf;;链路开销计算;;链路开销聚合', '广东睿江云计算股份有限公司;', '1-2', '10', '2019-05-24 16:58', '电子技术与软件工程', 'CAPJ2019', '本文将基于vxlan和ospf,探讨了一种改进型的,适用于虚拟网络的ospf路由交换方式。', '虚拟网络路由交换机制', '', '2019', 'https://kns.cnki.net/kns/download.aspx?filename=wVUWk1Gek92cs9Uboh3d1YUTycGVXhGVvEmdLRUNtJWM3JFb0hXOkdjSzNWNxcjQUhVehhlTDFFZJpHVNFnVtlFVChneINGeTp1TykWe5l3aXFjewtWbmJkNIhlbOp1crVjdip3VOtUYiJVbrsScphzNkhnVvhGO&tablename=CAPJLAST&dflag=pdfdown');
INSERT INTO `tbl_paper` VALUES ('13', '', '畅晓艳', '畅晓艳', '', '计算机网络技术;;煤矿调度系统;;应用', '西曲矿信息中心;', '7-8', '10', '2019-05-24 16:58', '电子技术与软件工程', 'CAPJ2019', '本文针对计算机网络技术的具体应用进行深入的研究和分析,希望能够为煤矿调度系统的不断优化提供有力支持。', '计算机网络技术在煤矿调度系统中的应用', '', '2019', 'https://kns.cnki.net/kns/download.aspx?filename=st0cuFDZopFWLdDO5cXOpdDVwF3dF12a5kzN0gmSHtyQ5IGUZVlS3M1dNVGZvJjaQFVcxBHchREUPJ3dqRGRy8mcstEW2QGUvZ2bid0RrFERlhWcMJVVmV0NWZHcM12coVjVmR1MOJ2Qu1GTzdzM0M2LKR2dHd2T&tablename=CAPJLAST&dflag=pdfdown');
INSERT INTO `tbl_paper` VALUES ('14', '', '刘源', '刘源', '', '计算机网络;;监控系统;;智能技术', '枣庄科技职业学院;', '16', '10', '2019-05-24 16:58', '电子技术与软件工程', 'CAPJ2019', '本文从计算机网络监控系统的设计要求分析入手,论述了基于智能技术的计算机网络监控系统设计。期望通过本文的研究能够对网络管理员工作效率的提升有所帮助。', '智能化技术下的计算机网络监控系统设计', '', '2019', 'https://kns.cnki.net/kns/download.aspx?filename=zEFcS5EV4E0SSJHcM5WMrJzKxh3Ka9SS382T04EWwQkV1AFTQljUlpleKZlMuBHVrAnR0cVdU12RzdmaxEnRvYmW3gmR6NGc2FjZvo0cnhVbrNjQy5mVaFjdyB1RolGattCMV9mQ0d3ZUFzbitEboJ1VEhGcDhUW&tablename=CAPJLAST&dflag=pdfdown');
INSERT INTO `tbl_paper` VALUES ('15', '', '李志斌', '李志斌', '', '新形势;;网络通行;;改进策略;;计算机', '国网天津市电力公司;', '29', '10', '2019-05-24 16:58', '电子技术与软件工程', 'CAPJ2019', '本篇文章通过简单介绍我国计算机网络通讯工程的现状,以及在新形势下计算机网络通讯中存在的问题,据此提出相应的改进策略,希望能够有效促进网络通信的发展。', '计算机网络通信中存在的问题及改进策略', '', '2019', 'https://kns.cnki.net/kns/download.aspx?filename=jhWe3FGTqBXU6hWYPFWNCZ0TpZnYMBDaRVzMyE1Um1ESypnezVmN1QjZtR0NId2ZCh2YyY3c152VxZUYtBTaIlVZ3pWekl1cwM3aBdjZIFlZFpXMwYDdmF2d6hzUxIUY6h0V6xWd2xWSoBHbFpXVDp0bj5GaTZWZ&tablename=CAPJLAST&dflag=pdfdown');
INSERT INTO `tbl_paper` VALUES ('16', '', '杨婕', '杨婕', '', '大数据时代;;软件开发技术;;现状;;运用', '西安文理学院;', '40-41', '10', '2019-05-24 16:58', '电子技术与软件工程', 'CAPJ2019', '本文分析大数据时代软件开发技术的现状,以及计算机软件开发技术运用的必要性,研究大数据时代软件开发技术的运用情况以及对未来计算机软件开发技术的发展方向进行展望。', '大数据时代软件开发技术的现状及运用', '', '2019', 'https://kns.cnki.net/kns/download.aspx?filename=Xd1Z0NDZHZ0b5EWd3RDOHRlUxFmZal3VMZ1M5IjbrETa4M3MVJXUQZXaINFM0YXbkJWU4QFTxtmaGVVYMtWb5llVYplQjRUTupUVwUXQqd0RxEXeyQkWUNUd1RXcRFEbvkGTSJkUmhkVX9GdYVFZX1WVOZHO0F2T&tablename=CAPJLAST&dflag=pdfdown');
INSERT INTO `tbl_paper` VALUES ('17', '', '何付道', '何付道', '', '计算机软件;;开发技术;;现状及应用', '易门铜业;', '44', '10', '2019-05-24 16:58', '电子技术与软件工程', 'CAPJ2019', '本文主要是根据我国的计算机发展形势来探究一下计算机软件开发技术的现状及应用探讨,同时对未来的发展及研究方向提出相应的观点。', '计算机软件开发技术的现状及应用', '', '2019', 'https://kns.cnki.net/kns/download.aspx?filename=4pHMXl3KDNGNmFTQBZ0VpJHVWNWU1V3bxYjR4IUZplzT5cHO0EmZhRWWMtSVp90R5AzLtBVWJJkbId2SuZXOld1bBp2VDFzUjhXURVle2RVZ4lVeDpkTWV0d2UWNlRXVKVWSQR1REJXQ3REW2I3Lu52UPZVN5oWa&tablename=CAPJLAST&dflag=pdfdown');
INSERT INTO `tbl_paper` VALUES ('18', '', '胡崇刚', '胡崇刚', '', '软件工程;;软件工程标准化;;计算机科学技术', '上海艾拉比智能科技有限公司;', '48', '10', '2019-05-24 16:58', '电子技术与软件工程', 'CAPJ2019', '软件工程广泛应用并改变了人们的生产生活方式。但又因人为动作对其工作特性存在很大影响,我们就软件工程的发展现状、发展意义以及如何促进其发展对软件工程的标准化进行调查研究,最后提出一些实现软件工程标准化的建议。希望能够对促进软件工程的发展有所助益,最终达到计算机科学技术能够又好又快地服务人们的生产生活。', '软件工程的标准化', '', '2019', 'https://kns.cnki.net/kns/download.aspx?filename=yY2M31UeHV2bHJVOnhzLF5GNNBlWlN0ZvQWQrMmcmN0bvZUQJlWVvFXNzc1SZp0RnlGSQdXZKNHWkZFetVEbw8ScBVVUVdWMQpkR0pHdxNGTw42SXd0KvAzLGhka3dGeBRnVvlVV1YXa4M2VjdjZxYnbQRVd4BnZ&tablename=CAPJLAST&dflag=pdfdown');
INSERT INTO `tbl_paper` VALUES ('19', '', '陈鹏', '陈鹏', '', '计算机软件;;大数据时代;;互联网', '湘西广播电视大学;', '49', '10', '2019-05-24 16:58', '电子技术与软件工程', 'CAPJ2019', '本文针对计算机软件技术在大数据时代应用的特点和特性进行分析,以期对相关行业有所帮助。', '计算机软件技术在大数据时代的应用', '', '2019', 'https://kns.cnki.net/kns/download.aspx?filename=CBXW2lTTwJGWZRFe6ljVXVmdSJ3MSJ1L3kEeptCdtZDWWx0dLBDeXRmRppma4FFW4R3ayNmaLFGUIt0aYdjNwIDaEh2UPFVZhFXd4sSaykHRpdFeFJzNL5kd00mUlZ1KrpUMNlFatZWMwIzdul3dPR0crU1Y2lFb&tablename=CAPJLAST&dflag=pdfdown');
INSERT INTO `tbl_paper` VALUES ('20', '', '魏蓉', '魏蓉', '', '计算机软件技术;;大数据;;应用研究', '武汉商贸职业学院;', '50-51', '10', '2019-05-24 16:58', '电子技术与软件工程', 'CAPJ2019', '本文通过对现阶段计算机软件行业发展现状进行分析,总结出大数据时代下计算机软件的应用开发的领域与重点方向及所要面临的挑战,以期为大数据时代下计算机软件的应用研究提供参考。', '大数据时代下计算机软件技术的应用', '', '2019', 'https://kns.cnki.net/kns/download.aspx?filename=upHU6VUMpBDWn9UWYNEdjdnd0hDdihzaKd2NVJlMrIGc1oWWUlGb01mRLplaJZFczFFMipEcDpUekpHWhp1KNljSy8mMMlERKhWM14UbS9EM1ZGNSR1VmBVUL9ia0oFcxI0RWdFbypXUG1kTrEWM3QjRVxUbhFXZ&tablename=CAPJLAST&dflag=pdfdown');
INSERT INTO `tbl_paper` VALUES ('21', '', '韩睿', '韩睿', '', '人脸识别;;深度学习;;神经网络', '天津工业大学;', '51-53', '10', '2019-05-24 16:58', '电子技术与软件工程', 'CAPJ2019', '本文设计描述了三种人脸识别技术:(1)通过肤色模型训练的图像变化技术对图像的人脸区域进行识别并分割出来。(2)Eigenface人脸识别算法的图像表示技术通过输入已知人脸图片,可视化特征脸,与系统相似脸匹配并计算识别准确率。(3)全连接神经网络技术和卷积神经网络技术实现对对输入人脸的识别分析和匹配测试,从系统库里找到与之最相近的的脸,并可视化展示。', '基于深度学习的人脸识别系统', '', '2019', 'https://kns.cnki.net/kns/download.aspx?filename=SVDORp1MHlWUvoVd6RFb2YHOop1Ku9Cd1YjS1lWa3MlWpdlQkdjaJJFVYBDNywkV4ITMNZ0QklGRmRES5cnN40WVaRDemhlcxBFaPVUUEp0avEWT1UGRmpUZTRXcRJEOrlzT1M2VWlVWXBDMQ5EeipEW6FTQPNFM&tablename=CAPJLAST&dflag=pdfdown');
INSERT INTO `tbl_paper` VALUES ('22', '', '高金龙;李新娟;蒋庆林', '高金龙', '', '采水;;STM32F103ZET6;;控制系统设计', '齐鲁工业大学(山东省科学院)山东省科学院海洋仪器仪表研究所;', '84-85', '10', '2019-05-24 16:58', '电子技术与软件工程', 'CAPJ2019', '本文设计了一个基于STM32单片机的自容式CTD采水控制系统。该控制系统采用蓄电池供电,通过CTD传感器采集并存储温盐深数据,实时检测系统周围海水压力作为采水控制的触发条件,实现对不同深度海水的自动取样,具有结构简单,工作可靠的特点。', '基于STM32的分层采水控制系统设计', '', '2019', 'https://kns.cnki.net/kns/download.aspx?filename=QNFRtp1ZlNFM0RGZuVVURB3R0QHNpV1dnhVY5FUQ15mW1pnerZmSoZDVOxkRzMFOzE1QJtEdCtWZvlWZRBFUIhXNQlGaplDOFJVS0EUOoRDVOhGbQNjakNTQkl0SxVHbPVWeWBzbShDTlFmTuNmS0MDMMB3UHhHM&tablename=CAPJLAST&dflag=pdfdown');
INSERT INTO `tbl_paper` VALUES ('23', '', '马凤瑞;曾奕淇;杨帆;王忆麟;鲁奇欣', '马凤瑞', '', '水下机器人;;平衡闭环控制算法;;机器视觉', '大连理工大学海洋科学与技术学院;', '94', '10', '2019-05-24 16:58', '电子技术与软件工程', 'CAPJ2019', '本文研究设计了一种新型微降噪水下生态调查机器人,以水滴型流线设计为运载器舱体,通过六个螺旋桨推进器协作运行实现航行器在水下的全自由度运动。本文使用机器视觉来获取目标信息,基于自动白平衡的视频去雾算法与目标识别技术,经试验验证,该方法能够减小水下可视图像退化的影响,识别被观测物种。', '基于机器视觉的新型降噪水下生态调查机器人', '', '2019', 'https://kns.cnki.net/kns/download.aspx?filename=zwWRGhmNmBnV3dDa5JXc2F3M0VlUrsCT482KqFmYQxkVQd1VkJ3N2U1KwgleSp0NilzcCJ0a410aaBXR0MDWGFzVNNXMrZnVCV3SmpVOCZWWzFXbTZXWwc1RVJkUJVGe4M2UkJkNYl2TU9SQwE3Yx4mRTNWURp0T&tablename=CAPJLAST&dflag=pdfdown');
INSERT INTO `tbl_paper` VALUES ('24', '', '刘勇;胡晶晶', '刘勇', '', '实验室建设;;云计算技术;;云客户端', '山东华宇工学院;', '134', '10', '2019-05-24 16:58', '电子技术与软件工程', 'CAPJ2019', '当前高校计算机实验室建设的首要任务就是融入云计算技术。因此,本文对基于云计算技术的高校计算机实验室建设进行研究,以此仅供相关人士交流与参考。', '基于云计算技术的高校计算机实验室建设', '', '2019', 'https://kns.cnki.net/kns/download.aspx?filename=lFUd1kVd0llar4kWzUkTNZnQipGUy80dElHeLFXRqtWMHhURvYGapVFZWpmaHljMwJlMNRkR4N1QIJFbQJHWIBjNRVkWmN0Tjl1crJFcRRmUylVOCtCUHh2R3NjaRRneIdGZadzYvgkM0hnMW1ETyVEaUhkWuFGd&tablename=CAPJLAST&dflag=pdfdown');
INSERT INTO `tbl_paper` VALUES ('25', '', '王雅喆', '王雅喆', '', '计算机技术;;文件管理;;档案管理', '南阳医学高等专科学校;', '135', '10', '2019-05-24 16:58', '电子技术与软件工程', 'CAPJ2019', '本文将计算机技术应用的三个阶段进行了介绍,并分析利用计算机技术对文件及文档进行管理中的应用优化策略,以供企业提高自身管理水平,促进我国经济平稳、可持续发展。', '计算机技术在文件与档案管理中的应用', '', '2019', 'https://kns.cnki.net/kns/download.aspx?filename=oF0N4d0VxEVbjxUazQzSrQzYCh3LHhnUGBTOQxUOLdnM2J0QxwWc2EkMy50RLhVcINTbBl0dVNGZRdXSBZFeKVlQi1mSSR2SlN2MjNFWr8mVTtSaJRUeGVlQ2sWYVNncQJmQURnUaZneTx0Nlp0a0oGZmFHe01GZ&tablename=CAPJLAST&dflag=pdfdown');
INSERT INTO `tbl_paper` VALUES ('26', '', '周福来', '周福来', '', '设备诊断;;遗传算法;;BP神经网络;;齿轮箱', '吉林大学计算机科学与技术学院;', '139-141', '10', '2019-05-24 16:58', '电子技术与软件工程', 'CAPJ2019', '本文提出了基于BP神经网络的齿轮故障诊断模型研究。首先构建了基于遗传算法的BP神经网络预测模型,并设计了基于遗传算法的齿轮故障诊断算法流程;然后,通过案例对本文构建的模型及设计的算法进行了验证,实验结果表明,本文设计的模型及算法收敛速度快,故障诊断效果较好,具有较强的使用价值。', '基于BP神经网络的齿轮设备故障诊断应用', '', '2019', 'https://kns.cnki.net/kns/download.aspx?filename=qdHSk1mUaV1LoVlSYFzMz5UWPhXUa1EN4gDZn10cmBjNwYld29EVidFd300QiFkUGlFV15kbyVWRaRlZ1NXTDV1Q1YXbKxGUkxUcZlkQ4RmNw1WO3YlSXZXW3g3dhl2ZxllRxEkQ2NXSWRmQK9CWmV0Z1NmSQhTZ&tablename=CAPJLAST&dflag=pdfdown');
INSERT INTO `tbl_paper` VALUES ('27', '', '叶宝鹏;邓倩;唐克英;郭树勤', '叶宝鹏', '', '计算机技术;;机械电子技术;;融合发展', '六盘水师范学院矿业与土木工程学院;贵州工程应用技术学院信息工程学院;六盘水师范学院数学与信息工程学院;六盘水师范学院;', '142', '10', '2019-05-24 16:58', '电子技术与软件工程', 'CAPJ2019', '本文首先阐述计算机技术的内涵,之后阐述机械电子技术的概念以及主要技术,最后本论文探讨了计算机与电子技术的融合,希望能够推进社会的发展,创造的人工智能将会为我们的生活带来便利。', '计算机与机械电子技术的融合发展思考', '', '2019', 'https://kns.cnki.net/kns/download.aspx?filename=2ZnTGR1ZVNEZxFTSl1kTBJnQs1UVypXNWFDSZJ3Z30GewEGcjJnTppmTFFzaroGdjV1dBFWduRmQPZVezg0Qvp2d50We3tyLTpUcLVFTBhHMl9UNBN0ZhRTOV1maQpXUod0bq1kNxADZslDdkJEcjNUa4llUOR3S&tablename=CAPJLAST&dflag=pdfdown');
INSERT INTO `tbl_paper` VALUES ('28', '', '张强', '张强', '', '计算机科学;;计算机技术;;跨越式发展', '中国电子科技集团公司第五十四研究所;', '143', '10', '2019-05-24 16:58', '电子技术与软件工程', 'CAPJ2019', '本文从计算机科学与技术的跨越式发展原因展开分析,结合社会发展需要浅要探究了推动其跨越式发展的策略,以供充分实现计算机科学与技术的价值。', '计算机科学与技术的跨越式发展', '', '2019', 'https://kns.cnki.net/kns/download.aspx?filename=rYHeNlXer9CeupUU4ZXQQNXUTtWeZpnSahEMY9iR1hWMRNUO19WbtdUcK5GbxoFe5kXbYZGbTZmYZNnVrFnd1h1QVt0cT5mbwNXeiRkas50c2c3d1cjc3cTY2d0K10ESOZUMWlHaFhTbV50NIN3Y0Z0dygVV2lWa&tablename=CAPJLAST&dflag=pdfdown');
INSERT INTO `tbl_paper` VALUES ('29', '', '杨彩萍', '杨彩萍', '', '计算机信息化;;网络安全;;风险防控', '甘肃武威职业技术学院;', '144', '10', '2019-05-24 16:58', '电子技术与软件工程', 'CAPJ2019', '本文主要对在信息化管理过程中如何应用计算机技术进行分析,提出在企业管理信息化中合理应用计算机技术的重要性。计算机的应用带来了很多便利,但计算机技术信息化也有一些安全隐患存在着,根据存在的问题,企业必须加强计算机信息化的风险预防和控制,对相关的安全管理策略进行科学制定。', '计算机信息化技术应用及风险防控', '', '2019', 'https://kns.cnki.net/kns/download.aspx?filename=DhDb3RUWy00bG9SWxATev5WNaZWdMtSaRd2bysmSsF1Q5MUQ3dDZylkQLRGRKRWZ1cWVYJ3aQhFUO5GcollbTlES1w0N1hUWTxkUstCVpFnVYdkYpBnciRTZPh3LGJnZ58GN4tGNatUMuBHS5ZFTkFDaQ1EOrFnQ&tablename=CAPJLAST&dflag=pdfdown');
INSERT INTO `tbl_paper` VALUES ('30', '', '范宏明', '范宏明', '', '计算机应用技术;;信息管理;;资源整合', '酒泉工贸中等专业学校;', '145', '10', '2019-05-24 16:58', '电子技术与软件工程', 'CAPJ2019', '本文以计算机技术为主要研究对象,对计算机应用技术、信息管理极其整合做出了简要说明。', '计算机应用技术与信息管理的整合', '', '2019', 'https://kns.cnki.net/kns/download.aspx?filename=1EVe1UTOyg0Q0NGeSF1d4d0dzk1bS9WcXhFbspUUxJ3UyomUQRzU00GS6hkZhhXckp1TyMVVuNlSTV2UuN1MzBVbmZmVDJka0MTQ6lkUOd1Z4EkWxIjQOhEZUJlYnN2YEp0NroEUphjS1U3THZkTqpEdFxkW3NHS&tablename=CAPJLAST&dflag=pdfdown');
INSERT INTO `tbl_paper` VALUES ('31', '', '曹国', '曹国', '', '计算机;;维修技术;;故障诊断', '吉林医药学院现代教育技术中心;', '148', '10', '2019-05-24 16:58', '电子技术与软件工程', 'CAPJ2019', '本文通过对计算机维修工作思路的相关内容进行阐述,进而分析我国在计算机维修中对具体故障的诊断及其处理方式,以更好地针对计算机运行中出现的故障提出有效的解决方案。', '计算机维修技术及故障诊断', '', '2019', 'https://kns.cnki.net/kns/download.aspx?filename=zkGb6FFTp9EZqh0L3BVSR50SDl0QwkTeuhUQZJHWpF2S1ZDcXl0UDd3dNFVVLFmSy02R30GVrtEe6pVbIlUa1U3TqhnU4kGc4U2N21UVKdzTZl1UykHdTFmVjR1Rk5GM5QTbV5EdyV3R3QkUnhDekNTWJB3b3F0L&tablename=CAPJLAST&dflag=pdfdown');
INSERT INTO `tbl_paper` VALUES ('32', '', '马碧芳;王伟;陈浴权;黄丽珍;王诗豪', '马碧芳', '', '虚拟现实技术;;福清光饼工艺;;非物质文化遗产;;传统技艺', '福建师范大学福清分校电子与信息工程学院;', '152-153+256', '10', '2019-05-24 16:58', '电子技术与软件工程', 'CAPJ2019', '虚拟现实(VR)技术是当今的一种新兴的科学技术,凭借其独特性,给人以逼真的“沉浸感”。论文通过虚拟现实技术还原传统的福清光饼制作工艺,设计了福清光饼非遗保护系统,并对用户的体验进行数据评估分析,分析结果表明,通过VR技术还原呈现福清光饼的诞生、发展及变迁,是可以为非物质文化遗产的保护提供一种有效的方法。', '基于VR技术的福清光饼非物质文化遗产保护系统研究', '', '2019', 'https://kns.cnki.net/kns/download.aspx?filename=WNDTl92MYlHdrJWdqd1SnlFNyoXTBpUNR90ZGRFOJlVUDRzLPhEcY9UYQlkVYdza2NzZqlnUnJEdvRlR58yMNVlewhzQ5lTZt9EMH12RGdkMz1mUWJjdyEERjhlUoVUNMJmT01kZFJjbyIGWxZ3bEJEdEZ3SFFzY&tablename=CAPJLAST&dflag=pdfdown');
INSERT INTO `tbl_paper` VALUES ('33', '', '周童', '周童', '', '嵌入式系统;;物联网领域;;应用研究', '重庆邮电大学;', '197', '10', '2019-05-24 16:58', '电子技术与软件工程', 'CAPJ2019', '本文主要对嵌入系统在物联网中所表现出的作用进行简要分析,希望能够对今后的推广与发展工作有所帮助,从而加速互联网行业的发展进程。', '嵌入式系统在物联网领域中的应用', '', '2019', 'https://kns.cnki.net/kns/download.aspx?filename=YBnMut0cvAzRMN0QE9UQXdVaWhzd2JXZK1mblhzVkZUTLFnQwsySF1kMqNjQ01GUMRlaoRVWsN3Zk9kWUdkYw9iSkd1UipGUKdWNVdDaSlGdlJHUzI1dBpnUtVkcL9CcXRkVPRUUykGSIFUMklGVMFnVmVlNYFnN&tablename=CAPJLAST&dflag=pdfdown');
INSERT INTO `tbl_paper` VALUES ('34', '', '沈振华', '沈振华', '', '大数据技术;;网络安全分析;;智能化', '中央网信办;', '199', '10', '2019-05-24 16:58', '电子技术与软件工程', 'CAPJ2019', '本文利用大数据技术对网络上的安全日志、流量、用户方位、业务行为等信息进行采集、存储和数据分析。建立一个基于大数据技术的智能化计算机网络安全分析模型,以提高计算机网络的安全性。', '基于大数据技术的计算机网络安全问题分析', '', '2019', 'https://kns.cnki.net/kns/download.aspx?filename=t5EewNkNv8mbIZWRu1kSz50V08kSyNjWQ50bZlmcHNFUDdFSFZld39WZ1Q2ZhF3bD90ckVXZHJFexdGcU9GZydXSx9SQxgGSK5UNPdFW4UFd2UDW0ZUdlZWaOF0MXdDZyVWcwk1aop1Q3JUTv1UY5pHMpdnM2lDZ&tablename=CAPJLAST&dflag=pdfdown');
INSERT INTO `tbl_paper` VALUES ('35', '', '欧高权', '欧高权', '', '大数据时代;;计算机;;网络信息;;安全问题', '荆州教育学院;', '200', '10', '2019-05-24 16:58', '电子技术与软件工程', 'CAPJ2019', '本文从计算机网络信息安全存在的隐患和防范措施两方面进行探索,以供广大读者参考。', '大数据时代下计算机网络信息安全问题', '', '2019', 'https://kns.cnki.net/kns/download.aspx?filename=2gnYCx0aUpnSoJ0SnJnQSlGRRRESnlWb0VVduNDZQljTuVEO2AzSXZEdRFlZtF2TvUzTLBFbEpEbmFmSuBTRRRGdCVWY3ZERGJFTDV2VwITTS1kR4k2M2kEMwN2U49ETwQlbmBHc35UayplYsNkZxUXS08EemBXR&tablename=CAPJLAST&dflag=pdfdown');
INSERT INTO `tbl_paper` VALUES ('36', '', '白雪萍', '白雪萍', '', '大数据时代;;计算机网络;;信息安全防护', '山西省高校毕业生就业指导中心;', '201', '10', '2019-05-24 16:58', '电子技术与软件工程', 'CAPJ2019', '本文先阐述了大数据时代计算机网络信息安全与防护的必要性,而后对大数据时代计算机网络信息安全问题进行了探讨,并提出了具体的安全与防护策略。', '大数据时代计算机网络信息安全与防护', '', '2019', 'https://kns.cnki.net/kns/download.aspx?filename=NdVTOlTYWZzaxUGOxsEMmZWbopXUIJleIpWVE9GbMJHM5J2K1d3Rvo3T1x0StlGeKBDNLhnVCxmcShmaUJHW3ZmeBJTUoZTOUR2NJFnNuFzd0wke4p0QQNTNzk3MjNzZyV2L2VFU1U1dTZ1Mr8CTPFTRwlFRxd2R&tablename=CAPJLAST&dflag=pdfdown');
INSERT INTO `tbl_paper` VALUES ('37', '', '徐少华', '徐少华', '', '计算机信息技术;;防篡改技术;;软件工程;;保障', '上海艾拉比智能科技有限公司;', '206', '10', '2019-05-24 16:58', '电子技术与软件工程', 'CAPJ2019', '本文主要对当前软件工程防篡改技术水平进行分析,找到问题根本,进一步提高软件防篡改技术水平,并做好有效的保障。', '软件工程中的防篡改技术', '', '2019', 'https://kns.cnki.net/kns/download.aspx?filename=xpnYT5UV4l0Yl5UW18md3FnaHNXUUNUUWR0brlDWsRVd1VGUk9mYDFkUKp2NMxmT0glTmlEcCJnUxpUUTtWcZRzZ4hzQ5gWVMxkZuVTWCRFVZZUW2omUpBHcvdnctFUYDdzdalUOPRUR100UE5EWmx2dz9mMohEc&tablename=CAPJLAST&dflag=pdfdown');
INSERT INTO `tbl_paper` VALUES ('38', '', '邓才宝', '邓才宝', '', '计算机系统;;安全防范;;技术发展;;网络技术', '川北幼儿师范高等专科学校初等教育系;', '207-208', '10', '2019-05-24 16:58', '电子技术与软件工程', 'CAPJ2019', '虽然计算机网络技术发展迅速,但是计算机网络的安全防范并不完善,威胁到了计算机用户的正常使用,因此本文针对计算机网络中的安全问题进行分析,希望能对相关人员有所帮助。', '计算机网络安全防护技术', '', '2019', 'https://kns.cnki.net/kns/download.aspx?filename=nB1LwgzdMxGMXhmRmZFZRRWY1E3MGZFUzInZkh1NItie1QmVKhEeKhmYkRnN3UncL1kZuN2d3pWTmVkawh2NahzTvo3KtxkV49yanRnTvZzcUhHUDFkWz4mWwoXMPp1YC9EMmlVORJzRyMlYr1Ecy8yUol3YpFTZ&tablename=CAPJLAST&dflag=pdfdown');
INSERT INTO `tbl_paper` VALUES ('39', '', '张莹莹', '张莹莹', '', '计算机网络;;安全性;;防火墙', '枣庄科技职业学院;', '211', '10', '2019-05-24 16:58', '电子技术与软件工程', 'CAPJ2019', '本文从防火墙在计算机网络中的主要作用分析入手,论述了计算机网络中防火墙技术方案的构建。', '计算机网络的防火墙技术方案', '', '2019', 'https://kns.cnki.net/kns/download.aspx?filename=EF2MxgDR5ZmTTVWMyR3UOhjdzh1SZdzb2dEZh9WZLlFOJVXUsJFdYBzTIBzY1glaaVmQ58WdCFmQVlHRvpGUPtmaStCUah0QuVUSNlkdv9Gayw0Vylmes1GdNRFe0BHb5Jjd4lmd6VzYOR1Qm50UURmVpNVR0IVN&tablename=CAPJLAST&dflag=pdfdown');
INSERT INTO `tbl_paper` VALUES ('40', '', '卢超彬', '卢超彬', '', '网络技术;;铁路调度;;安全', '中国铁路广州局集团公司广珠铁路公司;', '212', '10', '2019-05-24 16:58', '电子技术与软件工程', 'CAPJ2019', '本文分析了铁路调度系统的种类以及安全防护,在此基础上,提出了网络技术在铁路调度系统中的应用,确保了铁路调度系统乃至整个中国铁路运输系统运行的安全性和稳定性。', '网络技术在铁路调度系统安全中的应用', '', '2019', 'https://kns.cnki.net/kns/download.aspx?filename=3VUU4ZnexklaCBjRiFXb4pWTNdzQvA3ZYVFeLpHcntka4R3KaBjN3ZHdjdDc0hzSLVmawklSXpnUolEVPNVQrsSYJRTb3dnQ5pnd0gkSIBjUqB3QBFUeDVlaa9Ud3oGV4oXRIlzTsdGd4QlMPhWVHhHUPJFUoZUN&tablename=CAPJLAST&dflag=pdfdown');
INSERT INTO `tbl_paper` VALUES ('41', '', '李艾国', '李艾国', '', '信息时代;;企业;;网络安全', '山西新景矿煤业有限公司;', '213', '10', '2019-05-24 16:58', '电子技术与软件工程', 'CAPJ2019', '本文通过对企业信息安全的概述,分析了信息化时代计算机网络存在的问题以及影响企业网络安全的因素,在此基础上,提出了加强企业信息安全方面的方法措施。', '信息化时代企业网络安全的重要性', '', '2019', 'https://kns.cnki.net/kns/download.aspx?filename=iVzQBFXUDVEbCd3SxNGVvYUevR0YvFjVsBlRENTZtN2NwoUOzdzb04EZSJFaG1md3JUTatGSTlnRXRkboNmNLFTYEh1VBZlSygjRrp2NCt0UyVzUmVmZCRnWyEFS5c1QwdGTLFzKj5kaO1kVjVFO2YVNh1Gakh3N&tablename=CAPJLAST&dflag=pdfdown');
INSERT INTO `tbl_paper` VALUES ('42', '', '关雷;王熠', '关雷', '', '计算机网络信息;;安全问题;;对策研究', '黑龙江省国防科学技术研究院;', '214', '10', '2019-05-24 16:58', '电子技术与软件工程', 'CAPJ2019', '本文根据网络信息安全常见问题,提出科学有效的解决措施,在一定程度上缓解网络安全问题发生,为研究网络安全问题的专家和学者提供理论参考依据。', '计算机网络信息安全问题及对策', '', '2019', 'https://kns.cnki.net/kns/download.aspx?filename=zgVR0ondjZ0LYNFOih2NKJzLl9kZtZWd4lXRJJzQWdnaycmY0kFdJN1TXRUbZdDUVBjaxdWV0BlSZBFWpF1UEZGaVpnSvgWZDZVRId0drkWR0dneuV0TS5mdQx0UEBzT0IlUWR2LnVEWs10K3EGZJR2bZ5EeJ10T&tablename=CAPJLAST&dflag=pdfdown');
INSERT INTO `tbl_paper` VALUES ('43', '', '张琛;陈冠杉', '张琛', '', '云计算;;计算机网络;;安全问题', '河南交通职业技术学院轨道交通学院;河南交通职业技术学院交通信息工程系;', '215', '10', '2019-05-24 16:58', '电子技术与软件工程', 'CAPJ2019', '本文细致介绍了云计算的有关具体内容,以计算机安全隐患为索引,研析云计算环境中网络应用的风险以及特定注意事项。针对该领域问题,本文提出了较为妥帖的解决方案,期望在云计算环境下对于提高计算机网络的安全性能有助益。', '云计算环境下的网络安全防御策略', '', '2019', 'https://kns.cnki.net/kns/download.aspx?filename=HNmQHhlNtVWeGZHcktEerone2sScCdDUhR3d2QTSjpXUyI1KjF0dwZGV0FzaZhHbxVGWth0dSNERlhkQrJleE9iSThHbppkVyVzcxMkbzU3d44GUKV1SvYDa3R2YkNVUDxWa0U3LUV1U5cke4MGbKdVQ3lUVRh1T&tablename=CAPJLAST&dflag=pdfdown');
INSERT INTO `tbl_paper` VALUES ('44', '', '杜建中', '杜建中', '', '大数据时代;;计算机网络安全;;防范策略', '32148部队;', '216', '10', '2019-05-24 16:58', '电子技术与软件工程', 'CAPJ2019', '本文在阐述大数据时代的特点后,针对计算机网络信息安全所面临的主要威胁进行探究,在此基础上,从计算机网络安全防范技术、防护措施以及防范管理等方面,论述了如何构建大数据时代的计算机安全安全环境。', '大数据时代的计算机网络安全及防范策略', '', '2019', 'https://kns.cnki.net/kns/download.aspx?filename=vM3VvplZ50WVoVUN0kmbsBlbvJ2NwoGb0ZmbLJVdzVETyMWY0xmUwg0Q0I3MWZDcaFXRz10bv10VuVGWiZFZN9WRDdkUkJkSwxUQkpmcqp2RZRlQ0VnY2kzMvoVSwsSZ3pFUQRjbudmMTFFOWNnbzYVd1M3dClVW&tablename=CAPJLAST&dflag=pdfdown');
INSERT INTO `tbl_paper` VALUES ('45', '', '邓浩辉', '邓浩辉', '', '单片机;;电子技术;;应用', '湖北大学知行学院;', '245', '10', '2019-05-24 16:58', '电子技术与软件工程', 'CAPJ2019', '本文通过对单片机介绍,具体分析了单片机在电子技术中的应用以及优势,相信在未来单片机的应用还会更加的广泛,也希望能加快对单片机的开发造福人类。', '单片机在电子技术中的应用', '', '2019', 'https://kns.cnki.net/kns/download.aspx?filename=MFlM29GWUd3QmJ2R0NzKk52V18WOwMVeMF3ZrAzRZpHcS10Lm5GaKNVbadTWEtEe0d0Nq5WWOpXUzRmQyoFb69GM5UGUhpWazZXR6RkY0kjb0p0SiFEZxgDWohTRvh3T0dkQaFlUsNletl2didTc1oVN0Z0TE9SZ&tablename=CAPJLAST&dflag=pdfdown');
INSERT INTO `tbl_paper` VALUES ('46', '', '胡涛', '胡涛', '', '大数据;;人工智能;;电力营销服务调度系统;;应用', '广东家和置地投资有限公司;', '246-247', '10', '2019-05-24 16:58', '电子技术与软件工程', 'CAPJ2019', '文章以大数据人工智能在电力营销服务调度系统的研究与应用为研究对象,首先简单介绍了大数据技术与人工智能技术,随后探讨了大数据在电力营销服务调度系统中的应用,最后分析了人工智能在电力营销服务调度系统中的应用,以供参考。', '大数据人工智能在电力营销服务调度系统中的应用', '', '2019', 'https://kns.cnki.net/kns/download.aspx?filename=yR1cxJFeP1GcrInd5cTYyIVWxhjcO5WVitCUTlUePZXbvFza3lXOKZVQ3N1S0hmeFJnT5o3VKFXRolVVmxGZWtGRaJ2KOFWYBRHSnVFcX9SUodFbhhVNJ9Ed5V3c1M0RwIHezEmcudUO0B1LxJza2FDTjZXM0xET&tablename=CAPJLAST&dflag=pdfdown');
INSERT INTO `tbl_paper` VALUES ('47', '', '张慧利', '张慧利', '', '人工智能;;计算机网络技术;;技术应用', '濮阳医学高等专科学校;', '247-248', '10', '2019-05-24 16:58', '电子技术与软件工程', 'CAPJ2019', '本文提出了人工智能技术在计算机网络技术中的应用方法,并提出这种应用方法的落实方式,确保人工智能技术能够在计算机网络中取得更好应用效果。', '人工智能在计算机网络技术中的应用', '', '2019', 'https://kns.cnki.net/kns/download.aspx?filename=4YVWxlUYHdkYGxmZKBFaC5WZz1WQ0sGZBFVNklDOpdWR1VXNnFVc3YURYR3YyokeiFnawVkTnJkZyZnchNGWZtUN6R3RL50MzMVQhV3U2QGdBd0LOFUb0UnbvhHVppXeElDTXZWdtdmaFFDMwY1TYFUSrgGNTFmd&tablename=CAPJLAST&dflag=pdfdown');
INSERT INTO `tbl_paper` VALUES ('48', '', '徐静', '徐静', '', '电子信息技术;;应用特征;;未来发展趋势', '重庆信科通信建设监理咨询有限公司;', '249', '10', '2019-05-24 16:58', '电子技术与软件工程', 'CAPJ2019', '本研究对于电子信息技术的应用特点进行分析,并且提出未来其发展的趋势,为推动我国电子信息技术更好的发展做出有价值的借鉴。', '电子信息技术的应用特点与发展趋势', '', '2019', 'https://kns.cnki.net/kns/download.aspx?filename=ZZ3LzUmMNNWODJzN2MVZSVFSOlHNEVlRwtyZKlGeIhXTFFXYjtEWyEEbwRlYEBXZ1dUSVFVVsNnYnB3SwNGUzwWSnNjbWp3bXlFelNlMq9iULFHSsV0YmxWRmVXOE1URi5GRl1GOCplbQNzdy0kSxsES2hlWodmd&tablename=CAPJLAST&dflag=pdfdown');
INSERT INTO `tbl_paper` VALUES ('49', '', '熊平', '熊平', '', '计算机;;电子信息技术;;管理;;应用', '重庆信科通信建设监理咨询有限公司;', '254', '10', '2019-05-24 16:58', '电子技术与软件工程', 'CAPJ2019', '本文从计算机电子信息技术的优势特点出发,分析了提升计算机电子信息技术工程管理与应用水平的有效策略和方法,希望能够对相关领域的研究人员提供借鉴意义。', '计算机电子信息技术工程管理与应用', '', '2019', 'https://kns.cnki.net/kns/download.aspx?filename=thFbmhESpFjMmJVN4M1YCFlazR0Nrplc5R2baJHZzQzVFNmQvljMLhDd5oXR0QTaVdmNNxGVopGUOtWZLtUaaR0TCd0d1IGMVVFUEFlVnJGNYt0UVdFZOVHUBp2cGFUcudjRVZHeUF0KspHbhV0RTt2Q2QkZwM2T&tablename=CAPJLAST&dflag=pdfdown');
INSERT INTO `tbl_paper` VALUES ('50', '', '宁功林', '宁功林', '', '计算机信息技术;;高职教育;;信息化管理', '云南新兴职业学院;', '255', '10', '2019-05-24 16:58', '电子技术与软件工程', 'CAPJ2019', '本文将着重讨论计算机信息技术在高职教育教学管理信息化中是如何应用的。', '计算机信息技术在高职教育教学管理信息化中的应用', '', '2019', 'https://kns.cnki.net/kns/download.aspx?filename=pZVWzRmNXFFSUlmNkFUVrdnQo9UW1cGan9GTrgTMxIGdkBjN1JEOttUSTB3Y4cHWx9yTmJVWpFGSyllUBdnNHhFUJ9Wbuxkc1B3Ts1EWjRUdFFFTzQ1ZFNGTtp0Lj92L2s0YrB3SKp2arsWUoRjToZXdwUkMxYEd&tablename=CAPJLAST&dflag=pdfdown');
INSERT INTO `tbl_paper` VALUES ('51', 'D924.3', '于在洋', '', '', '网络犯罪;;特点:构成;;难点问题;;法律规制', '复旦大学法学院;', '81-83', '06', '2019-05-24', '经营与管理', 'DKFXPREP', '全球化下网络犯罪逐年增长,网络犯罪法律规制的紧迫性日益凸出。应在制定网络犯罪单行法,制定《刑法》的出发点应从软件、系统等升格到网络思维,《刑法》规制的要点在于确立网络犯罪的三种基本类型为核心的思路下,制定完善的网络犯罪法律法规。', '全球化下网络犯罪的法律规制', '', '2019', 'https://kns.cnki.net/kns/download.aspx?filename=yFEN4Ald5MFMM50NEJFTvYWel5UMaJ0RuVjcklzRvFmbvZVVr8yMIVXZDpUVudjU202d0YWZOVHd2J1YhtGZXZlZnxmdrZENhBzYZxGOxYzQ2QlNilFewpWdS5kZOFlRNZldxxWZ3tWNWVGVR9CWDhHVvBnSNBlY&tablename=CJFDPREP&dflag=pdfdown');
INSERT INTO `tbl_paper` VALUES ('52', '', '陈斌辉;吕圭源;金伟锋;张佳欢;郑碧莹;任敏霞;吴素香', '陈斌辉', '', '茶叶;;BP神经网络;;遗传算法;;多指标综合评价法;;提取工艺', '浙江中医药大学药学院;', '1223-1228', '10', '2019-05-23 09:17', '中国现代应用药学', 'CAPJ2019', '目的用正交设计及BP神经网络-遗传算法对茶叶提取工艺进行多指标综合优化。方法以咖啡因、表没食子儿茶素没食子酸酯(epigallocatechingallate,EGCG)、表儿茶素没食子酸酯(epicatechingallate,ECG)为考察指标,在单因素实验的基础上,采用正交设计及BP神经网络-遗传算法优选超声辅助提取茶叶中有效成分的工艺,并对2种方法优选所得的工艺进行验证。结果正交设计得到的最佳提取条件为乙醇浓度85%、浸提温度80℃、超声时间10min。工艺验证评分为99.050。BP神经网络-遗传算法得到的最优提取方案为乙醇浓度89%、浸提温度88℃、超声时间13min,网络预测评分为100.758,工艺验证评分为99.651,相对误差为1.099%。结论BP神经网络-遗传算法数学模型可用于茶叶中有效成分提取工艺预测和优选,且略优于正交设计。', '基于正交设计和BP神经网络-遗传算法多指标综合优化茶叶提取工艺', '', '2019', 'https://kns.cnki.net/kns/download.aspx?filename=ShjQQZ2VGNTT3NkZLFjNX9ENpxmNThGZLRUNwJmbiZHO5oGTSdXWWl3ZrBzarkVc6hHWNBFW0RUZwh2dENHV0c2K4kjMyxkNCZjWwp1aSF2LsBzKEZUUrZTOXx2VSVmVwEURrBXaxhUdFdFRQNkb2QHdKtEbBFmY&tablename=CAPJLAST&dflag=pdfdown');
INSERT INTO `tbl_paper` VALUES ('53', '', '温仕明', '温仕明', '', 'Solidworks;;科研革新;;分析', '阳山县职业技术学校;', '12-13+26', '04', '2019-05-23 09:43', '现代工业经济和信息化', 'CAPJ2019', 'SolidWorks是一款基于Windows操作系统开发的三维计算机辅助设计系统,相较于其他的计算机辅助设计系统,它涵盖的功能更加强大。因此,结合模具制造企业进行计算机辅助设计程序的革新,对该软件在科研革新领域中的应用进行分析。', '三维建模软件Solidworks在科研革新中的应用分析', '', '2019', 'https://kns.cnki.net/kns/download.aspx?filename=5QleVVWZJRUMnFlNWdzVBlVdSRFSzIGZKRTVPdnRzRzUDtCbv8CUURFU69UdRV0YtdkTDNWYtZFewRFW4k0MzZ1Mxg3aqRlRPNTOO9iUhFFTwNnUqNld6pmTq9iZ5cnYxJWcCJDOuhUYYx0dOh1RvcTQDZmQIBzS&tablename=CAPJLAST&dflag=pdfdown');
INSERT INTO `tbl_paper` VALUES ('54', '', '张明栋', '张明栋', '', '星载计算机;;浮点计算;;高可靠', '上海航天电子技术研究所;', '32-33', '04', '2019-05-23 09:43', '现代工业经济和信息化', 'CAPJ2019', '在对国内外常见星载计算机设计特点进行分析的基础上,提出了一种基于三模冗余的星载浮点计算星载系统。该系统采用通用DSP作为核心处理模块,利用FPGA作为接口桥片,增加了对外部通讯协议的适应性和硬件可扩展性。同时给出了在轨故障预案,分析表明该设计可以有效解决在轨的潜在单粒子故障或其他软硬件故障。', '一种基于DSP的高可靠星载浮点计算平台的设计', '', '2019', 'https://kns.cnki.net/kns/download.aspx?filename=3lHe38mYiN1NRdmRHdnYiR2ThlnM2w0dEhUVxgTSJpld2pkanR2STp2dElTQxgGbypWTrklbFR3QyhFSvs0d0YWZ1ADZ5I3UqNkdxJ1aR9SVnlUZ3FlWv52RwsCStpGcvsCaN5Ecy42a5JDRsJjVmVWQNZVT5JTb&tablename=CAPJLAST&dflag=pdfdown');
INSERT INTO `tbl_paper` VALUES ('55', 'TP273.4', '林政;吕霞付', '林政', '国家自然科学基金资助项目(61275077)。', '水面无人艇;;避障;;数据融合;;模糊控制;;速度反馈', '重庆邮电大学自动化学院;', '7', '', '2019-05-23 13:51', '计算机应用', 'CAPJ2019', '为了提高水面无人艇在未知、复杂环境下的连续避障性能,提出一种具有速度反馈的模糊避障算法。水面无人艇利用激光扫描雷达与多路超声波传感器感知周围环境,通过对障碍物信息进行分组并设置权值的方式进行多传感器数据融合,并在模糊控制的基础上根据环境情况自动调整航速,进而提出一种考虑障碍物所有分布情况的更全面的模糊控制规则表,增强了水面无人艇对复杂环境的适应能力。实验结果表明,该方法能通过与环境交互调整水面无人艇航速使其成功避障并优化避障路径,具有良好的可行性和有效性。', '基于改进模糊算法的水面无人艇自主避障', '', '', 'https://kns.cnki.net/kns/download.aspx?filename=FtyaVVGRSZ2VwkWQEpGVy9SepxGbmVEd5tyY3dkVBNHduRkbQNXb3lHNiN2TNdTbNNHbp90VD9USjZGaqxGVklmZIxke1RVap12bBZHSyEkdjdFa0UDTJJmcGREVhtiWvU2U4kUd65mMhlFcuJHR3kDdvF1Utd0R&tablename=CAPJLAST&dflag=pdfdown');
INSERT INTO `tbl_paper` VALUES ('56', 'TP391.41;TP391.7', '王琳;赵俊莉;段福庆;周明全', '王琳', '国家自然科学基金项目(61702293);; 中国博士后科学基金项目(2017M622137);; 教育部虚拟现实应用工程研究中心基金项目(MEOBNUEVRA201601)资助', '颅面复原;;软组织厚度;;主成分分析(PCA);;统计建模;;回归模型', '青岛大学数据科学与软件工程学院;北京师范大学信息科学与技术学院;', '17', '', '2019-05-23 15:36', '计算机工程', 'CAPJ2019', '颅面复原是一项依据人的颅骨恢复其对应的面部相貌的研究,在公安法医学、考古学、医学整形等诸多领域有了普遍应用。颅面复原主要有传统颅面复原和计算机辅助颅面复原两种形式。手工颅面复原耗费时间长且复原结果难以实现。近年来逐步兴起的计算机辅助颅面复原方法使得复原结果愈加真切、高效,本论文重点归纳和分析了计算机辅助颅面复原技术,又大体可分为基于知识的颅面复原方法和统计模型法两种类型,针对其中重要的方法进行了详细的阐明陈述,并将各种方法优缺点进行对比,有助于研究人员全面了解颅面复原方法。', '颅面复原方法综述', '', '', 'https://kns.cnki.net/kns/download.aspx?filename=iB1YnBXNzN1c4gWUVVkc3EVW1I3Y4RGOYdHev4Wd2wmVi10QSZHW41WQudHVallZYd3dOB3Rip0Qpd1SERzTkJmWKFHOiZEMw1GNsJleXFEVht0aP5GUwYnR04keypGbPNXVxMDTHFXNShDe49Uc1oXY3AzQ2Qzc&tablename=CAPJLAST&dflag=pdfdown');
INSERT INTO `tbl_paper` VALUES ('57', '', '王俊男;张志', '王俊男', '', '二代留守儿童;;互联网;;新媒体;;认知行为;;影响', '武汉工程大学管理学院;武汉工程大学艺术设计学院;', '9-11', '07', '2019-05-23 16:03', '新媒体研究', 'CAPJ2019', '随着经济的发展和网络的普及,当今社会逐步全面进入数字时代,移动互联网新媒体也逐渐走进二代留守儿童的生活。二代留守儿童在被移动互联网新媒体所吸引的同时,移动互联网新媒体又悄悄影响着二代留守儿童的认知和行为。调查结果发现:移动互联网新媒体对二代留守儿童认知及行为产生了多方面的影响,但由于缺乏正确的引导,影响结果表现出弊大于利的情况。分析其影响有利于引起社会对移动互联网新媒体对二代留守儿童不良影响的关注与重视。', '移动互联网新媒体对二代留守儿童认知、行为的影响', '', '2019', 'https://kns.cnki.net/kns/download.aspx?filename=PF1a5knayBFM2hXNwFFb2g1Q4dGRGNFd4YzT4JVa3AXeut2UU1UW1AHN4MnZoN3Mzc0KxJHckZFeCdWRxIkThJTSz5GWB9kUCFlWwdWMKVmW5IkVPp3Rvl0RPZFN08mbmd1NhFTSOVkVRJ0UlpXM0R2UxATU05kb&tablename=CAPJLAST&dflag=pdfdown');
INSERT INTO `tbl_paper` VALUES ('58', 'U442.5', '王慧云', '', '', '计算机;;公路桥梁设计;;应用', '菏泽市公路勘测设计院;', '151', '05', '2019-05-23', '绿色环保建材', 'CJFDPREP', '随着社会经济的进一步发展,我国的交通事业取得了十分巨大的进步,然而,在对交通进行管理的过程当中,应当不断地突破和创新,并结合实际管理的相关要求采取针对性的措施。随着公路桥梁的数量不断的增多,这也对公路桥梁设计提出了一定的要求,而将计算机技术应用于公路桥梁设计的过程当中,能够在很大程度上提升整体的设计水平,在保证公路桥梁美观的同时,也提高了公路桥梁的整体质量。本文就计算机在公路桥梁设计中的相关应用进行分析。', '计算机在公路桥梁设计中的应用分析', '', '2019', 'https://kns.cnki.net/kns/download.aspx?filename=rwmaVhTblJEMuVGMZFjWTB3YxRFazckSa5EallFU10GboZDV2w2Y5RmT1smQC9iV5FzQ1dHa2VHcwJWa1ZFcXdXYxVURrcTYBZDa3xUe4RGb3FFeolTUOpHcBx0LD9SMtJUewcUUzcUWOpkaON2LvMle4IVUUhkS&tablename=CJFDPREP&dflag=pdfdown');
INSERT INTO `tbl_paper` VALUES ('59', '', '关红博;金良红', '关红博', '', 'CT;;急性重症胰腺炎;;感染;;肝脏损害', '安康市人民医院影像科;安康市人民医院放射科;', '39-43', '05', '2019-05-22 09:41', '中国医学装备', 'CAPJ2019', '目的:探讨X射线计算机断层扫描(CT)在急性重症胰腺炎(SAP)患者并发感染及肝脏损害中的诊断价值。方法:选取90例SAP患者,根据并发细菌感染情况将其分为感染组(39例)和未感染组(51例),对比两组患者的CT影像学表现特征、血清C反应蛋白(CRP)及降钙素原(PCT);分别分析治疗前和治疗后,两组患者肝脏密度CT值之间的差异,肝脏密度CT值与CRP和PCT的相关性。结果:感染组患者CT影像学显示胰腺体积增大、脂肪层模糊不清、多个区域胰液潴留、气泡以及片状坏死检出率均显著的高于未感染组,差异具有统计学意义(x2=5.804,x2=11.512,x2=24.638,x2=9.986,x2=13.765;P<0.05);感染组患者的血清PCT和CRP水平均显著的高于未感染组,差异具有统计学意义(t=12.860,t=17.255;P<0.05);治疗前,感染组患者的肝脏CT值低于未感染组,差异具有统计学意义(t=-6.887,P<0.05);治疗后,感染组患者的肝脏CT值与血清PCT和CRP水平均呈显著的负相关关系(r=-0.618,r=-0.577;P<0.05)。结论:CT在诊断SAP患者并发感染、肝脏损害具有一定的临床价值,对于指导临床治疗具有重要意义。', 'X射线计算机断层扫描在急性重症胰腺炎患者感染及肝脏损害诊断中的临床价值', '', '2019', 'https://kns.cnki.net/kns/download.aspx?filename=vcWbzRDSip1TwxmYVtmQ1QUMW1EVGBFdoVkYX9ibolDbEFkSzxWT1FGVxNGMl9mdwE0VzkFcidXaHJ2c3ZEUrMXcx52LBREOtpnZZlmasJTeS5mdtV2dpdzQwklQLZEaWRDezQjb0VXT4cVaFxUQWFza2hVM3Una&tablename=CAPJLAST&dflag=pdfdown');
INSERT INTO `tbl_paper` VALUES ('60', '', '黄迪;刘畅', '黄迪', '', '方法综述;压缩方法;神经网络;低秩分解;卷积核;智能决策;', '中国科学院大学计算机科学与技术学院;', '6', '', '2019-05-22 11:55', '指挥信息系统与技术', 'CAPJ2019', '', '智能决策系统的深度神经网络加速与压缩方法综述', '', '', 'https://kns.cnki.net/kns/download.aspx?filename=4c0YVR1Q3llVQ1UYipVbPJWRxpEbLZjWiZlVyQHcwt2ZWVnR1AzQZtSdUVXYFRXMmdVWXhnZEhnRFNXa5hlMlpme0E3N4hXTwZGMq9Cb3dFUNZXboRUMWl1UCB1Z5NFeltkNQtyKqFmRht2ckBnbaVWYt9ydHZWR&tablename=CAPJLAST&dflag=pdfdown');
INSERT INTO `tbl_paper` VALUES ('61', 'TP241', '肖帆;李光;游雨龙', '肖帆', '湖南省自然科学基金资助项目(2018JJ4079)', '机器人逆运动学多解;;BP神经网络;;关节子空间;;3R机械手', '湖南工业大学机械工程学院;', '6', '', '2019-05-22 15:21', '中国机械工程', 'CAPJ2019', '提出用多模块神经网络的方法求解空间3R机械手的逆运动学多解.通过几何分析,将关节空间划分为多个只有唯一逆运动学解的关节子空间,每个子空间均用3个单输出的BP神经网络训练和求解.通过仿真试验并与其他方法对比,表明该方法不仅可以准确地划分逆运动学解的取值范围,还可以快速求得高精度的逆运动学多解.', '空间3R机械手逆向运动学的多模块神经网络求解', '', '', 'https://kns.cnki.net/kns/download.aspx?filename=EdGU25kMORXMKJURy9kd6pERal2K0E0ayJGMSZkU2pEbxdjM1ZWSwxGcyI3Z4c3Y4EDZaJ2aUFXUq1EdnpkVEhWdFB1cCp0b2YGcH10U5lDMy5GVTtEarQGNrNkdvImYY12S2JmUVZmdXJzY4ADcE1UYYFTc2l0U&tablename=CAPJLAST&dflag=pdfdown');
INSERT INTO `tbl_paper` VALUES ('62', '', '侯素娟;赵瑞珍;宋苏', '侯素娟', '', '国家自然科学基金;;计算机图像与视频处理;;F020502;;关键词;;资助率', '山东师范大学信息科学与工程学院;国家自然科学基金委员会信息科学部;', '6', '', '2019-05-22 15:26', '软件学报', 'CAPJ2019', '关键词反映出一份项目申请书的主要研究内容.本文统计了国家自然科学基金“计算机图像与视频处理”领域(对应代码F020502)2014-2018年申请与资助项目关键词,并分别从关键词标引量、关键词词频等方面进行分析,探讨了它们与资助率的关系.最后,运用定量的方法透过热频关键词的内容变化分析近5年“计算机图像与视频处理”领域的研究热点变化.', '国家自然科学基金“计算机图像与视频处理”领域申请与资助项目关键词统计与分析', '', '', 'https://kns.cnki.net/kns/download.aspx?filename=ykUYKdjZYdncZF1SD9COXZUViRTU4R1Rth2VvQma3IFNLNlYEB1avJ2d0hEcaZ2d0EkRtdmY5J0cCJHUmdDW1YURRdEZapkSS10Q0ZmUuRlRHNUMElUY4F3M1Y0d1EFb2FXYwV0LuJmS30Ee2ZkZpV2N6tGVI10d&tablename=CAPJLAST&dflag=pdfdown');
INSERT INTO `tbl_paper` VALUES ('63', '', '吴仁守;王红玲;王中卿;周国栋', '吴仁守', '', '自匹配机制;;全局信息;;神经网络;;自动文摘;;自然语言生成', '苏州大学计算机科学与技术学院;', '14', '', '2019-05-22 15:26', '软件学报', 'CAPJ2019', '基于编-解码器架构的序列到序列学习模型是近年来主流的生成式自动文摘模型,其在计算每一个词的隐层表示时通常仅考虑该词之前(或之后)的一些词,无法获取全局信息,从而进行全局优化.针对这个问题,本文在编码器端引入全局自匹配机制进行全局优化,并利用全局门控单元抽取出文本的核心内容.全局自匹配机制根据文本中每个单词语义和文本整体语义的匹配程度,动态地从整篇文本中为文中每一个词收集与该词相关的信息,并进一步将该词及其匹配的信息有效编码到最终的隐层表示中,以获得包含全局信息的隐层表示.同时,考虑到为每一个词融入全局信息可能会造成冗余,本文引入了全局门控单元,根据自匹配层获得的全局信息对流入解码端的信息流进行过滤,筛选出原文本的核心内容.实验结果显示,与目前主流的生成式文摘方法相比,该方法在ROUGE评价上有显著提高,这表明本文提出的模型能有效融合全局信息,挖掘出原文本的核心内容.', '基于全局自匹配机制的短文本摘要生成方法', '', '', 'https://kns.cnki.net/kns/download.aspx?filename=1l2LoNlbVNDRoFWMXhVZr9UUIh3M4h0ZUJ1Y2UDW3J1YsNzS0MFTUBXT4k1LzI1Ry8CSzcFT3RWellXcsJDMmJkUmdlZxAlWud1NyhjNmBFZxx0KJp3TysCRzZVbxc0RalUUjV1RQJjMa5UUT1GbXVFdoFzRvEHV&tablename=CAPJLAST&dflag=pdfdown');
INSERT INTO `tbl_paper` VALUES ('64', '', '李卓容;王凯旋;何欣龙;糜忠良;唐云祁', '李卓容', '', '计算机视觉;;步态事件检测;;连续轮廓帧差图;;卷积神经网络', '中国人民公安大学刑事科学技术学院;上海市现场物证重点实验室;', '14', '', '2019-05-22 15:26', '激光与光电子学进展', 'CAPJ2019', '为了解决基于可穿戴传感器的步态事件检测技术高度依赖于个体配合且能耗高、条件苛刻等问题,提出一种基于计算机视觉的足跟着地事件检测算法,可以在不需要参与者合作的情况下,利用普通摄像机实现对足跟着地事件的精确检测。首先提出一种新颖的特征,即连续轮廓帧差图(ConsecutiveSilhouetteDifferenceMaps,CSD-maps)来表达步态模式。一个连续轮廓帧差图可以将视频帧中行人的连续的轮廓二值图编码到一张特征图中,蕴含丰富的步态时空信息。不同数量的行人连续轮廓帧差会产生不同的连续轮廓帧差图。进而利用卷积神经网络对连续轮廓帧差图进行特征提取和足跟着地事件分类。在公开数据库上,对124名受试者在5个视角下不同穿着状态的视频数据进行训练和测试,实验结果表明,该方法具有良好的检测精度,识别准确率达93%以上。', '基于卷积神经网络的足跟着地事件检测算法', '', '', 'https://kns.cnki.net/kns/download.aspx?filename=l1ke0YzQthVMINmWPVUVRJlbGNke0siNNZFSl1kdrIGTvxUQ40kRwMFMhF3bw9yZyEFR1R1SUZmWuRWTuJWZvcGcroHbMFGWHVWYyNzQkNnNn5kSapHRLtEZJNFd5VXc2R1clZ0L2UWNCVWbD9Ub5FHb1VlRlZ3Q&tablename=CAPJLAST&dflag=pdfdown');
INSERT INTO `tbl_paper` VALUES ('65', 'TP393.08', '刘小川;张念;周喻', '', '', '计算机网络技术;;网络信息安全;;防护策略', '中国船舶重工集团公司第七二二研究所;', '172', '15', '2019-05-22', '山东工业技术', 'CJFDPREP', '随着我国经济不断的发展,科学技术也随之提高,从上世纪末至今计算机网络技术的发展速度非常迅猛,如今已经融入到人们的日常生活当中,给人们的生活带来了方便,并提高了人们的生活品质,现在,几乎各行各业都离不开计算机网络技术,工作效率也随之提高,虽然网络技术使用广泛,但是网络信息安全问题也一直困扰着人们,所以做好网络信息安全工作是一项重要的工作。', '基于计算机网络技术的计算机网络信息安全及其防护策略', '', '2019', 'https://kns.cnki.net/kns/download.aspx?filename=zJXeLR2axRmUWt2QwFjQyl3Lw0mT5h1T3E1NxUmaxBTSvhDZIVURzM1VOh1MGJ0QmR3QRRGdalVWRJUe3w2TwlUUsVkRQVEaNVWcVJkcppWRHdFUxdlcX5GaxdjR5UETvhXYy9Sb0FzZhdTNp1UMVV1UzRXOSFmc&tablename=CJFDPREP&dflag=pdfdown');
INSERT INTO `tbl_paper` VALUES ('66', 'TP181', '黄裕', '', '', '半监督学习;;多类分类;;证据理论;;协同森林', '广东生态工程职业学院;', '148-150+154', '05', '2019-05-22', '信息技术', 'CJFDPREP', '综合运用D-S证据理论和Forest算法,构建得到一种以证据理论为基础的多类半监督分类算法。先以随机方式对多类数据进行组合分类共得到两类数据,再对初始分类器进行训练;利用D-S证据理论来融合部分分类器对未标记样本的分类情况。研究结果表明:随着分类器的数量上升,分类准确率表现为持续升高的现象,但上升幅度不断减小,还会引起学习耗时的快速上升。进行实际半监督学习时,需综合考虑分类准确率与学习耗时来确定最终的分类器数量。当可信度阈值t增大后,可以获得更多的没有参与训练的未标记样本数量。在t逐渐增大的过程中,分类器的分类正确率表现为先上升后下降的现象,并在t等于0.8的条件下到达最大值。', 'DSM-Forest算法对计算机多类数据学习分类性能的影响', '', '2019', 'https://kns.cnki.net/kns/download.aspx?filename=ptkenJjbMV2K2UUUDBlUthkYVh1a6JFe4RWZ1ZTOWV2UWlWYJdGSGJ3buZ3TrZkTrsyaVdEUw90cJx2YkNHUapXU2wkbQdHZ2pEdadVVxwmTPV1Kh90anFmMrU2TFRXQ3oUWRRzShF1Kxp2Z0hTbwF2UWZ1MzsUd&tablename=CJFDPREP&dflag=pdfdown');
INSERT INTO `tbl_paper` VALUES ('67', 'TP3', '罗丽红', '', '', '大数据分析;;计算机信息处理技术;;数据分析;;信息分析', '重庆电讯职业学院;', '3', '06', '2019-05-22', '计算机产品与流通', 'CJFDPREP', '随着社会进步,计算机技术日新月异,互联网发展更是越来越快,基于互联网与计算机的发展,数据也越来越复杂,数据量越来越大,这种情况如果放在以前,用之前的技术分析,工作量巨大,也容易出差错,因此,“大数据”一词出现了。“大数据”的出现,标志着大数据时代的到来,大数据在如今的商业社会中,占有很高的比重,因为他具有高价值、数据量极大、类型极丰富、数据更新速度极快且具有很高的真实性,对大数据进行分析,在当今社会对商业行动有着很好的指导性与前瞻性。本文就从大数据分析角度出发,探究了计算机信息处理技术必要性和主要方法。', '基于大数据分析的计算机信息处理技术探究', '', '2019', 'https://kns.cnki.net/kns/download.aspx?filename=4lEOPlTREdWSytmUSZmS39SQ4EUZu1WSDp3SoFkeURjY3pWe3c1Q5IFczlXdLRGVBZXQvQ1V0Z0b4dmdFllTNNjZKVVcGdlanhHeCR0RV9GVGVkTtl1aHBFZuRHdMVVWCJ0aspnTs9UNvAnWqZzKtNFMxtGbzIFS&tablename=CJFDPREP&dflag=pdfdown');
INSERT INTO `tbl_paper` VALUES ('68', 'TU986;TP391.72', '程晓楠', '', '', '计算机辅助设计;;CAD;;景观设计;;应用前景', '河南省商务中等职业学校;', '4', '06', '2019-05-22', '计算机产品与流通', 'CJFDPREP', '现代景观设计不仅需要创意,同时还需要可预见设计效果的辅助工具,保证在景观未建成之前能够通过效果图去找出其中不足,进行针对性整改。随着计算机技术、三维建模技术以及实体渲染技术的发展,在景观设计中计算机辅助设计技术得到了广泛应用,通过应用不仅能够降低工作强度与制图损耗,还能提高设计工作效率,有着可观的应用前景。', '计算机辅助设计技术(CAD)在景观设计中的应用前景', '', '2019', 'https://kns.cnki.net/kns/download.aspx?filename=kFXeJZHcxxETVN2cLtEePFGTMNkVwMlVjpEeFFGdtx2UEVnRYV2ZkVmQ48iZBZ3ZY5GUyo0RyFWdh5mVLdDVrJ0SuRmeYJ2KZR1QUV2VyFVWuFHWrdGUzwkN2FVVJ1EO3YEavEFNm5ENxJVbQJHaYhlbZxEcrMWa&tablename=CJFDPREP&dflag=pdfdown');
INSERT INTO `tbl_paper` VALUES ('69', 'F724.6;TP393.09', '苏红霞', '', '', '计算机技术;;电子商务;;运用', '国家税务局淮安市税务局第一稽查局;', '5', '06', '2019-05-22', '计算机产品与流通', 'CJFDPREP', '伴随着计算机网络技术的高速前行,以信息网络技术为手段和以商品交换为中心的电子商务同时也逐步兴起。众所周知,电子商务已经成为线上最流行和最受欢迎的商业交易模式。本文作者通过自己对电子商务的理解,分析了计算机技术在电子商务中运用及关系的重要性。', '刍议计算机网络技术在电子商务中的运用', '', '2019', 'https://kns.cnki.net/kns/download.aspx?filename=LlmMrQlTEJzavMkSF90KRl3ZJtCb20WWCxUbYNzazM2R0tUbVx0TthEa3NFent0UW5WZLVVYyZGVJB1Qq9iV5ZGNIB3QqRUdx9CdZ10KMhVN5ZXQopUUiJzS1p2UhZ1RIVUW0g0LuNEaqJ1N1oGTCVXVUJVdXtCM&tablename=CJFDPREP&dflag=pdfdown');
INSERT INTO `tbl_paper` VALUES ('70', 'F270.7;TP3', '田志', '', '', '计算机应用技术;;企业信息化;;影响', '常州信息职业技术学院;', '6', '06', '2019-05-22', '计算机产品与流通', 'CJFDPREP', '随着计算机信息技术的发展,互联网对人类社会的影响越来越大,企业的发展也不例外。企业信息化成为影响企业成败的关键因素。企业信息化以计算机为支撑,所以计算机应用技术水平直接影响着企业的信息化水平,本文主要分析了计算机技术对企业信息化的影响。', '计算机应用技术对企业信息化的影响分析', '', '2019', 'https://kns.cnki.net/kns/download.aspx?filename=5oEMVtGMrR3ZJp1UiRTSvQUU6FVaFpEZKNVbh9GcmdTUzElNycHeJNDRFdTZuNFOvdkM4IlUPBXbS1mWLh2Q0czKyhGZit2MLZXaF1WbChzRvI3MjhWcB9UMVVGayBHZXFEWDN3UxA3dRlWaTVFZvR1ZhJTRXBVM&tablename=CJFDPREP&dflag=pdfdown');
INSERT INTO `tbl_paper` VALUES ('71', 'J93;TP37', '山丹', '', '', '多媒体技术;;影视后期制作;;应用分析', '内蒙古民族幼儿师范高等专科学校;', '7', '06', '2019-05-22', '计算机产品与流通', 'CJFDPREP', '进入21世纪以来,经济飞速发展,人民物质生活水平不断提高,精神文明水平也不断提高,对于休闲娱乐的需求也更加多样化。在各式各样的休闲娱乐活动中,人们最喜闻乐见的形式就是观看影视作品。并且,随着影视作品技术的不断发展,制作的情节性、艺术性不断提升,对画面的修饰度不断完善,人们对其依赖性与重视程度也不断加深。在这样的背景下,影视作品与计算机多媒体作品的联系越来越紧密,计算机多媒体技术甚至成为其核心技术,被广泛运用在影视作品中,尤其在后期制作中起着关键性作用。本文就计算机多媒体技术在影视后期制作中的作用和方法作简要探讨。', '计算机多媒体技术在影视后期制作中的应用分析', '', '2019', 'https://kns.cnki.net/kns/download.aspx?filename=UBTRwBHaoljMNFDZmpVZ2hWQRRXaPVHdHV0SD5GMWd1KFZTZo9kRYVHNzAFSlp2UBhzTu5UZndkcUlnSoRmMkF1attEM0hndqZ1ZUdFZud1MWlmdFdUVt1UVUVmd6FVVvRkehdzchl1YMVkUpl0cPFVTwEUdmNFO&tablename=CJFDPREP&dflag=pdfdown');
INSERT INTO `tbl_paper` VALUES ('72', 'TP311.13', '肖云波', '', '', '计算机数据库技术;;信息管理;;有效应用', '湘潭医卫职业技术学院;', '8', '06', '2019-05-22', '计算机产品与流通', 'CJFDPREP', '随着现今社会科技的逐步推进,计算机网络以迅速的脚步迈入了大街小巷,被老幼妇孺所使用,人们的生活开始发生了转变。计算机数据库的应用通过建立数据管理系统,对所有信息分门别类储存处理,对各行各业各类人群带来了工作上的便捷和生活上的简单。本文通过对计算机数据库技术进行阐述,分析其在信息管理中所起到的独一无二的需求,从而探索进一步提高数据库技术的方法提出可行性的建议。', '计算机数据库技术在信息管理中的应用', '', '2019', 'https://kns.cnki.net/kns/download.aspx?filename=4oENwlGZ3I1SvEmcBZXaCRTS49ScLtSUZV2cENWVXl2L4MEUIxmeiNmNrcGaQpmcRBjdGllemxUUCFGcEd2dIlXS1ITR5ImQLRDZyIjSl9CaDhnYChET0QGOM1UYsNzQzVzNXh1d4JzaIJDaz0GbtREcvMETuV0b&tablename=CJFDPREP&dflag=pdfdown');
INSERT INTO `tbl_paper` VALUES ('73', 'TU71-39', '黄文刚;谭园园;荆明明', '', '', '计算机技术;;工程管理;;信息化管理', '西安建工第一建筑集团有限公司;火箭军工程大学;西安建工集团有限公司;', '9', '06', '2019-05-22', '计算机产品与流通', 'CJFDPREP', '目前我国已经建立起完善的网络体系,每个行业都积极与互联网+技术进行深入整合。在工程管理方面,计算机技术的应用实现了智慧、高效的管理,极大程度上节约了管理成本,提高了管理水平。本文围绕项目工程管理,探讨了目前管理中存在的问题,并有针对性的提出工程管理与计算机技术融合的对策,旨在提供一定的参考。', '关于计算机技术在工程管理中的应用分析', '', '2019', 'https://kns.cnki.net/kns/download.aspx?filename=npVYBNmT5ZVTNN2dUdFdZdTWrcmM0JES58ENZJ1axcENIhDahhWQo9UZVZFT5hXQtF2TNRWeDZlcLhXT1EkbJFXd5EkbihHRx9kUBRWV4tSZaNmV6ZTStN2RzIlQBdlbvQHMMtCb0MTTqRmWyVzZWJlRCJDTzpFe&tablename=CJFDPREP&dflag=pdfdown');
INSERT INTO `tbl_paper` VALUES ('74', 'TP391.12', '王海飞', '', '', '计算机;;Word软件;;操作技巧', '西安市政道桥建设有限公司;', '10', '06', '2019-05-22', '计算机产品与流通', 'CJFDPREP', '计算机作为科技发展的产物,以其独特优势,迅速在生活与工作中得以推广应用,并逐渐成为生活与工作中必不可缺少的一工具。计算机学习中Word作为一种常用的编制软件,属于最具代表性的软件。如何提升计算机Word操作水平,需要掌握相关操作技巧,以此为生活与学习提供更大的便利。本文在阐述计算机Word具体应用的基础上,剖析了Word操作流程。', '浅谈计算机Word操作技巧', '', '2019', 'https://kns.cnki.net/kns/download.aspx?filename=ChzLWdmVQNzRT9UQvJGa3IGaC5WRrkHaGdDZ5ADR2ckbnZ3SHBVSIpnRGBTOJdHeFJ0UwYURnVnQYBFZWRXVUNWVFtWNFRlMQlzLRFVTvo1Q0YUMVZkeJJ1dw4GaNtWR5c0crF0QnFEUHlmbLlkarpUMOZkRRhXN&tablename=CJFDPREP&dflag=pdfdown');
INSERT INTO `tbl_paper` VALUES ('75', 'TP391.41', '朱明秀', '', '', '计算机;;图像处理;;技术;;应用发展', '广西工商职业技术学院;', '11-12', '06', '2019-05-22', '计算机产品与流通', 'CJFDPREP', '随着社会和时代的发展,我国的科技进步越来越快,当前计算机技术的发展为各行各业带来了一定的改观,已被广泛的运用到社会各个领域中。计算机图像处理技术是计算机技术中一项非常重要的分支和技术,在农业、医学、工业等发展过程中都取得了很大的突破,极大地提高了工作效率。随着人类进入信息时代,计算机技术得到了飞速的发展,人们开始将先进的计算机技术应用到图像的捕捉以及处理之上,并且能够通过计算机图像处理技术获得理想的效果提取出我们需要的信息。在计算机图像处理技术的推动和发展之下,当前计算机图像技术已经应用到各个领域之中。', '计算机图像处理技术在现实生活中的应用', '', '2019', 'https://kns.cnki.net/kns/download.aspx?filename=1lHO5YWWEJnNMBXV5YUMHpUdDRmc2okRzhWW3VXR4l2aZZzVF1UYPV3bUV3QYdEcvc1auZ3blh1RJdFRERzVKtUYlBVWClWNIVkeuR2L0c2NyVGZnpkVQtGZYNmMVdUMyEDWsFTbTNVOMVEd5RlbPB1TTZzRvlXW&tablename=CJFDPREP&dflag=pdfdown');
INSERT INTO `tbl_paper` VALUES ('76', 'TP311.5', '宋峻峰', '', '', '大数据时代;;计算机;;软件;;技术应用', '长治学院;', '14', '06', '2019-05-22', '计算机产品与流通', 'CJFDPREP', '随着21世纪的到来,我国的经济突飞猛进,科技也不断进步。在目前的大数据强大的背景后面,计算机被使用到了社会的各个行业领域,推动了计算机大数据的大范围发展。如今,大数据技术被提高了性能上的成熟,得到了广泛的应用。本文就介绍了大数据时代下计算机软件技术的应用研究。', '大数据时代下计算机软件技术的应用研究', '', '2019', 'https://kns.cnki.net/kns/download.aspx?filename=hRHb0lGSzo0drkEcQNGO4hGa3l1brBlcZlmUxY0aaFWWVBHa5wWcslFNBlWc24EM4lkNwhUdh90QwJ1V0dUMzxUaPRmS2gmUjlFW1ckTOV1axxENWl0UFZHdadkTllHdMN1dKB1RwVXZ5NlRCZUSCV1KMpnRUFDd&tablename=CJFDPREP&dflag=pdfdown');
INSERT INTO `tbl_paper` VALUES ('77', 'TP311.52;TP312.2', '张曼', '', '', 'JVAV语言;;开放设计;;物业管理软件', '河北劳动关系职业学院;', '15', '06', '2019-05-22', '计算机产品与流通', 'CJFDPREP', '随着互联网时代的到来,电脑软件已成为工作生活不可或缺的工具,作为软件编写的基础逻辑语言JAVA语言被应用频率呈爆发式增长,对提升计算机软件开发水平具有重要意义。文章对JVAV语言的技术优势与特点进行了分析,并基于JAVA语言进行计算机软件开放设计,设计了物业管理软件,经实际应用检验,具有应用价值。', '基于逻辑语言Java的计算机软件开放设计', '', '2019', 'https://kns.cnki.net/kns/download.aspx?filename=4BlQ4RnVh52UXh0ZWNUYCZEa4cTVnJXWLh3UIBVW6Z0YXN2KGVWSvtiSIJHN4BTSyd3RChXZZpmShl1dZt0bwJXRHFUQv5GZ3QUb05WQ5JjMvlDUX9WcMJldYtkZ2F2R0c1YOBFdLd1YshjM4MjVLBlcLNDaaNXZ&tablename=CJFDPREP&dflag=pdfdown');
INSERT INTO `tbl_paper` VALUES ('78', 'TP311.52', '李阳', '', '', '大数据;;计算机;;软件技术;;开发应用', '陕西国防工业职业技术学院;', '17', '06', '2019-05-22', '计算机产品与流通', 'CJFDPREP', '随着信息技术的不断发展,我们所生活的时代已经逐渐变成了被信息所包围的大数据时代,各种各样类型信息不断涌现,这也引发了当前社会对计算机相关软件技术和服务质量要求更高。软件作为计算机实现各项功能运行和提供服务的基础设施,它的服务能力和应用水平通常对大数据时代发展有着至关重要的联系,如果想在大数据时代对数据进行有效利用,就必须依附于计算机软件功能的提升,从而实现数据化、智能化、信息化社会的发展目标,扩展计算机软件技术和大数据的应用范围。本文将针对大数据时代背景下,计算机软件技术的开发和应用进行分析。', '大数据时代计算机软件技术的开发与应用探讨', '', '2019', 'https://kns.cnki.net/kns/download.aspx?filename=0gVenRHMLBlZVZXM1RXS4QTbMBVaSRkcWNzaNxGMOl1L5FFOHd3Z4okUaVUVG9CTxJza1MkV2R3aqREVxcjSYVDVXdDb50Wbxw0ZXZVSWtiUmJUNR9yZJp3dP1WOsl0M4lDUsF1LwoUWkNTOaR3ckVzTClGbl50U&tablename=CJFDPREP&dflag=pdfdown');
INSERT INTO `tbl_paper` VALUES ('79', 'TP307', '陈龙', '', '', '计算机系统;;系统维护;;系统管理', '湖北水利水电职业技术学院;', '18', '06', '2019-05-22', '计算机产品与流通', 'CJFDPREP', '随着社会经济的发展和科学技术的进步,计算机也在飞速崛起并且迅速普及中。计算机的应用推动了社会经济的进步,为社会信息交流与沟通以及各个领域的技术突破奠定了良好的基础,起到了必不可少的推动作用。本文就计算机系统维护与管理展开讨论与研究。', '试谈计算机系统维护与管理', '', '2019', 'https://kns.cnki.net/kns/download.aspx?filename=zRWevQGU3gjRjhDS3IVOu92VthDNvtEO4JlM0pkUGZEUrFzKTdmW4gDNSpFdsVkUPVmSENmRUd2VwZHesR0MKJERLZUS4AXdQRnazcVNyFUT0lEN5RlQuN3S5VVQjVFbopHMlVXazc2U29icrAVUhZ1apFUY1ZFe&tablename=CJFDPREP&dflag=pdfdown');
INSERT INTO `tbl_paper` VALUES ('80', 'TP311.52', '陶姿邑', '', '', '分层技术;;软件开发;;分模块开发', '陕西中医药大学;', '19', '06', '2019-05-22', '计算机产品与流通', 'CJFDPREP', '近些年来,计算机软件功能越来越强大,在计算机软件强大的背后是计算机开发技术的不断进步,以及软件开发过程中网络架构更加的合理化。本文主要从分层技术在计算机软件开发中的优势以及它在计算机软件开发中又有怎样的应用进行探讨和分析,希望能为我国计算机技术的进步和发展提供一些积极的意见和参考。', '分层技术在计算机软件开发中的实践与探索', '', '2019', 'https://kns.cnki.net/kns/download.aspx?filename=YVnTPNFWroXc5xkSmdDMZhGeo5GMWljQjR1KNJ2ThFDV5YkUrllZadGbjJkYwRTQwY2dEp1dyFHeHpVVrFVVyNjMERHVSR0VOllShlDSBp3MLJ2bqdle042Y3dEVahVRrpXO0lnb3smeJBVZzdVYqhEe4FVcalVU&tablename=CJFDPREP&dflag=pdfdown');
INSERT INTO `tbl_paper` VALUES ('81', 'TP311.5', '刘甜', '', '', '大数据时代;;计算机软件技术;;应用;;探索', '保定职业技术学院计算机系;', '20', '06', '2019-05-22', '计算机产品与流通', 'CJFDPREP', '计算机技术的发展,信息技术的强化,大数据时代的来临,使人们的工作方式发生了较大的变化,计算机软件也得到了很大程度的开发。那么在大数据时代,如何做好计算机软件的技术应用工作成为诸多领域要研究的问题,争取让云存储还有信息安全都可以得到较好的运用。基于此,本文对大数据时代下的计算机软件应用技术做分析与探索。', '大数据时代下计算机软件技术的应用探索', '', '2019', 'https://kns.cnki.net/kns/download.aspx?filename=LFFR5YjN18WNoN0SodnQnRjd1IldmdEeutUe010ZWdHdoR2V4RETQpEb0w0cxoFU0YFT1V2bXJUWQVUcOpUbvIUZPpEW1MVMORzcypVZNNnNtpURyVUVoNnQwp3SvQmQ0hGdPF2cypmVQpEcFJ2SWlVMpxWZHJDc&tablename=CJFDPREP&dflag=pdfdown');
INSERT INTO `tbl_paper` VALUES ('82', 'TP393.08', '徐洁', '', '', '计算机网络;;信息安全;;虚拟专用网络技术;;有效应用', '浙江工商职业技术学院;', '21+77', '06', '2019-05-22', '计算机产品与流通', 'CJFDPREP', '人类目前已经全面进入到了信息时代,在这样的时代背景下,计算机网络技术被广泛的运用到了人们生活和生产的各个领域当中,人们对于信息的依赖程度也在逐渐的加大。但是随着计算机网络信息安全问题的频发,对于人们的信息安全造成了严重的威胁。因此,加强对计算机网络信息安全的研究是非常必要的。而虚拟专用网络技术在计算网络信息安全中能够发挥重要的作用,可以极大的提升计算机网络信息的安全性和保密性。基于此,本文主要对计算机网络信息安全中的虚拟专用网络技术的有效应用进行了分析和探讨。', '计算机网络信息安全中虚拟专用网络技术应用研究', '', '2019', 'https://kns.cnki.net/kns/download.aspx?filename=NVVcGtiZVdDZ2NXR25kZ4UkcQFnMs9GWlVXZX90ZZRWelRlUYdjQZZ3aoFEVThjMjpUdLd0QypFaj9ESa12MNpmcitSSvhXR6pGe0d1QD9UN0UWW2cHWQhTN01GMxgHcLt2byMTe2VnbPBFSDhTVwgWb2dGW6pGd&tablename=CJFDPREP&dflag=pdfdown');
INSERT INTO `tbl_paper` VALUES ('83', 'TP393.08', '于中华', '', '', '计算机网络;;信息安全;;关键分析', '四川邮电职业技术学院;', '22+71', '06', '2019-05-22', '计算机产品与流通', 'CJFDPREP', '随着社会的发展进步,网络在人们的日常生活中得到了广泛的应用,人们逐渐的适应了网络所带来便利的同时也进行了娱乐。随着互联网和物联网信息的结合,网购也受到了各界人士的欢迎,通过电商平台购物方便了社会群众,使人们在家就可以购物,在很大程度上为人们提供了便利,但网络安全还是存在很大的问题,这就是所谓的网络信息安全隐患。', '计算机网络信息安全关键分析', '', '2019', 'https://kns.cnki.net/kns/download.aspx?filename=vZnRDp0bEB3YDFHWOFGN1VkR6RkcXp0SRZjV2gWRS5WdltCcyonUMtER442M69UQIJ3ZUJ1VyZ2RLFnb2IFdGh0a5RUW5VjTmRERwNmYY5GMQV2UYxWbxZ0QJplbyMlcZlHOzBXVw8iMhx0azZlTkRWYMZHR5RXb&tablename=CJFDPREP&dflag=pdfdown');
INSERT INTO `tbl_paper` VALUES ('84', 'TP393.08', '毛志雄', '', '', '计算机网络;;信息安全;;防护对策', '湖北师范大学计算机科学与技术学院;湖北省黄石市疾病预防控制中心;', '24', '06', '2019-05-22', '计算机产品与流通', 'CJFDPREP', '近年来,人们高度重视计算机网络信息安全问题,相关研究人员集中精力研究可行的防护对策,尽可能减少网络信息非安全因素,营造健康的网络环境。本文首先进行必要性介绍,然后针对常见信息安全问题,提出合理的防护策略。', '基于计算机网络信息安全及防护策略研究', '', '2019', 'https://kns.cnki.net/kns/download.aspx?filename=xd1ahRWOXRDaLlDcFJzLqFVRwMVcEdXOthWYxpVRHJDcoFzaSBDa4F3S3BndCdHZlFGUah0RvhUTul3TOd2M2VXOlB1VsBVOq92UHZkY6FXS3NTaUhFRNF2YuN1UWh2ZWdzcpJ0TVJUTvYmYwF1cMl1SXFGZFN3N&tablename=CJFDPREP&dflag=pdfdown');
INSERT INTO `tbl_paper` VALUES ('85', 'TP393.03', '王锦彪', '', '', '计算机通讯;;互连技术;;应用;;分析', '咸阳师范学院;', '25', '06', '2019-05-22', '计算机产品与流通', 'CJFDPREP', '当前计算机技术与通信网络技术正在快速发展,促使我国社会已经步入了全新的信息发展时代,与传统且单一的信息传递模式相比较,运用通信网络互连技术更够使信息传递更加便捷、快速。当前运用网络信息技术的社会群体不断增加,使得网络信息全面开放,在人们的生活中网络技术占有很大比重。本文重点对计算机通讯的互连技术进行分析与研究。', '试析计算机通信的网络互连技术', '', '2019', 'https://kns.cnki.net/kns/download.aspx?filename=Dtie0UmM3oGM1ZXcTpUcaJle5JTZzBle0JmTi5UdTRUWD9CbHl2Mw1kax9STux2KZ9SSI1EeNJlb4N2aLlWWlBjckdHOI9UVnVFTt5mMhp3QBNEbiVDRJ9We1EXO5hjN2dkSINnZQdUVqZlRuFHZ1tmW0UVaqh1a&tablename=CJFDPREP&dflag=pdfdown');
INSERT INTO `tbl_paper` VALUES ('86', 'TP393.08', '陈圣', '', '', '互联网技术;;大数据;;网络安全;;防范措施', '安徽机电职业技术学院;', '26', '06', '2019-05-22', '计算机产品与流通', 'CJFDPREP', '随着互联网技术的发展,大数据已经成为人们熟悉的词语。然而在大数据时代,对计算机网络安全提出了新的技术要求和挑战。现代社会生活中,计算机已经应用到社会的各行各业,怎样提高计算机的网络安全是我们现在急需解决的关键问题。本文就大数据时代计算机网络存在的安全问题进行简述,提出在大数据时代计算机网络安全防范措施,以保证大数据时代计算机网络的安全运行提供一定的借鉴和参考价值。', '大数据时代的计算机网络安全及防范措施', '', '2019', 'https://kns.cnki.net/kns/download.aspx?filename=mVjcK9GOzhnc4UDVW5kcvx2UvM3UyYFdTRUVBlzUNdWdLFja1BnQzh0bKp2L4A1dJhkNop0dqRFUPpHSGxkYvZzTuBFZud0c6dEZV9WS6ZkM3hERGF2SVJTWPh2cmVFbvYDW2dzZ0E0S2g2YCZ1RMNGcKl3NC9CT&tablename=CJFDPREP&dflag=pdfdown');
INSERT INTO `tbl_paper` VALUES ('87', 'TP393.08;TP307', '韩锐', '', '', '网络安全技术;;计算机维护;;应用', '江苏省宿迁市委办公室;', '27', '06', '2019-05-22', '计算机产品与流通', 'CJFDPREP', '计算机网络技术在当今高科技普及的时代,使我们的生活实现了网化,即人们已经无法离开计算机网络技术的应用了。正是因为这样,计算机网络技术无形中存在着极大的风险,像病毒及黑客等一定对人们的生活造成安全上的威胁,为此,计算机的维修及更新就必须提到议事日程,掉以轻心要不得。本文就笔者对网络安全技术的掌握和认识,探讨和分析计算机网络安全技术维护的应用及作用,以求大方。', '网络安全技术在计算机维护中的应用及作用', '', '2019', 'https://kns.cnki.net/kns/download.aspx?filename=uZzTEpkRxhTTUpke2RlSXNlTMZlSw90R2g2RaFVQmllQKlDVRhjTvBHWvoHRwM3audjRoVmdmxER2VnYRJDVB9mNKFHeWhzL0lTewsGNhdjSxIGcwc2Q5FlQqpVMXh0azBHanNFSxJnRCR3avonavAzZjh0Th9Sc&tablename=CJFDPREP&dflag=pdfdown');
INSERT INTO `tbl_paper` VALUES ('88', 'TP393.08', '焦艳', '', '', '医院计算机维护;;网络安全管理;;对策', '武安市第一人民医院;', '30', '06', '2019-05-22', '计算机产品与流通', 'CJFDPREP', '在信息网络高速发展的潮流下,信息化的进程是不可阻挡的。医院在这场势潮中,信息化系统的构建是必然的。信息系统存在于网络的环境下,网络是一具有双面性,在带来信息高速交流的同时,网络安全存在的隐患也在增加。针对医院的计算机来讲,遇到最大的问题,就是病毒侵入的问题。计算机故障,可能会造成整个网络系统的瘫痪,会对患者到医院就诊诸多方面带来不便。为了确保医院网络系统的稳定,患者更便捷的就诊,文章会对医院计算机维护和网络安全管理的角度进行简要的分析。', '解读医院计算机维护和网络安全管理现状与对策', '', '2019', 'https://kns.cnki.net/kns/download.aspx?filename=jF0bYFFUUZHZ45mWOd0N0MVRKhkSIZFVxN3KmZDcDV0YEdTRCpkMVJXNiZmSxFTcSN1VtxkZk5mSnpkQ3I2SrFjRqZTcxUFVaBTYGJ2LiVkMJh2U5NjcCtiRuxWewA3TVR2KlNkWxETVXpEcM9yRHhkVlt2YhBjd&tablename=CJFDPREP&dflag=pdfdown');
INSERT INTO `tbl_paper` VALUES ('89', 'TP393.08', '朱尚然', '', '', '金融网络系统;;现存问题;;解决策略', '杭州师范大学;', '31', '06', '2019-05-22', '计算机产品与流通', 'CJFDPREP', '目前,随着我国金融事业和计算机网络两大领域的不断发展,计算机网络系统在金融企业中的应用越来越深入。这样的现状一方面使得两大领域发展互相促进,共同进步;另一方面也逐渐暴露出一些计算机网络安全问题。因此,本文将对金融计算机网络系统的安全问题及策略进行分析。', '金融计算机网络系统的安全问题及策略分析', '', '2019', 'https://kns.cnki.net/kns/download.aspx?filename=O12SoRnUmpVTK1ENJh1ZCZlQrI3bPZzNNJmcvlEZlNmaHdGOt90YzQTcUd3NopmSmR0SxcGboZmRWRkV3kGcyA3TyIkNxclNoZEZ3d3TIFzUYRkesVnMykEZzp0QzIVTIJGTNdETOFnblFnQrRjRLlGS1BlYCNFS&tablename=CJFDPREP&dflag=pdfdown');
INSERT INTO `tbl_paper` VALUES ('90', 'TP393.08', '张葛;程江珂', '', '', '计算机网络;;安全维护;;维护对策;;安全隐患', '攀枝花学院;', '34', '06', '2019-05-22', '计算机产品与流通', 'CJFDPREP', '随着经济发展水平的提高,信息技术得到飞速发展。计算机网络应用在社会的各个领域,但在其使用过程中经常会面临各种不安全因素,给用户带来很多安全隐患。本文介绍了计算机网络安全维护的重要性,探析了计算机工程中存在的不安全因素,针对这些不安全因素制定出具体的对策。', '浅谈计算机网络安全维护与对策', '', '2019', 'https://kns.cnki.net/kns/download.aspx?filename=pdjQyc0ZqJFR5xkQv8UNuBDaRRHb3RzKU9kcRVkd51mekN2bqBnR0pFZyY0TJNzQy00Y6h0cE10Tp5EbzVDbqpHUtZDTxZDazJDUONVT5hWWygUS2VlS2k1Mu5Wdyp2Qz9ydUdlUtJ0RRFFdYx2USZDOsVVVrI1b&tablename=CJFDPREP&dflag=pdfdown');
INSERT INTO `tbl_paper` VALUES ('91', 'TP393.08', '刘涛;郑红燕', '', '', '计算机网络;;安全问题;;对策', '河北工业职业技术学院宣钢分院;', '36', '06', '2019-05-22', '计算机产品与流通', 'CJFDPREP', '随着计算机技术发展的加速,计算机网络得到了广泛的应用。计算机网络不仅为人们提供了极大的便利,同时计算机网络的安全性也受到了高度额重视。若计算机在安全方面产生了不好的影响,这就会对整个网络系统造成网络不畅通等问题的发生,这代表了可能对计算机网络的用户的利益构成严重威胁,正常运作也会产生直接影响,一下就是进行计算机网络安全的问题和对策的深入探讨。', '浅谈计算机网络安全技术及其存在的问题', '', '2019', 'https://kns.cnki.net/kns/download.aspx?filename=PtibJRnZFdHSxs2aZp2S3lUWoxESkpEaKxEdrIDc582cihkdIRjeyA3TlFFcUh0ar8SU65kch9EcyNXSykkVMR2N1ZWOthGWNl1Tr50Z5N0drQ2N2gzNLdFe0dzL052MoZGM1pmY6hnbL92LFV3VPl0a0R1UOZld&tablename=CJFDPREP&dflag=pdfdown');
INSERT INTO `tbl_paper` VALUES ('92', 'TP393.08', '刘珊;尉郭晨', '', '', '计算机网络;;通信安全;;数据加密技术;;运用', '北京康信知识产权有限公司;太原理工大学;', '37', '06', '2019-05-22', '计算机产品与流通', 'CJFDPREP', '科学技术的飞速发展,网络通信技术的应用水平也得到了显著提升,但是计算机网络通信安全问题也逐渐显露出来。想要保证计算机网络通信过程中的信息数据的安全性,需要采取一系列的措施做好信息数据的安全防护工作。数据加密技术的应用可以对信息数据进行加密处理,保证信息传输和应用过程中的安全性和完整性,该技术的应用效果比较显著,要实现数据加密技术的合理应用,将该技术的作用充分体现出来,为计算机网络通信安全提供保障。', '计算机网络通信安全中数据加密技术的运用', '', '2019', 'https://kns.cnki.net/kns/download.aspx?filename=QNmZxh3TVpEUuRFSjd3KTd3RElUcmhUb6dUZCV2YuZkctJlUmRmZEp0YyZGdyAFTLdjSyhGclZEbn5mYRhjaTdXM102ZpVUeD1EZZNmUrIlaixEUzE0S0MHU4AFZY1kepNzdDhHVrJHbzoXWzNVR0syLDhWRJpnV&tablename=CJFDPREP&dflag=pdfdown');
INSERT INTO `tbl_paper` VALUES ('93', 'TP393.08', '蓝宏宇', '', '', '计算机;;网络防御策略;;求精关键技术;;求精模型', '中国地质大学(北京);', '40', '06', '2019-05-22', '计算机产品与流通', 'CJFDPREP', '本文首先从防御策略求精模型、求精规则、以CNDPR为核心的求精算法三方面,分析了计算机网络防御策略求精关键技术,其次从设置安全服务器、构建管理体系、应用扫描技术与反病毒技术三方面,对完善计算机网络防御策略求精关键技术的方法进行探讨,希望为相关人员提供有效参考,提升计算机网络安全性能。', '计算机网络防御策略求精关键技术的分析', '', '2019', 'https://kns.cnki.net/kns/download.aspx?filename=ZNHZGN0NXdlcYhDVORTSyllV4E1QM5GSVJXa3A3SlhnaSticzI0TkJTU1FUWO1UeFlkb1R3biZUWWhmdnJHcpZUW09SYxhkMU9maQlmULN2V5FEUIt0b3oFROBjbuJnMyFzMy1UQO1GNplmN2EHe4MncaZEcxF1S&tablename=CJFDPREP&dflag=pdfdown');
INSERT INTO `tbl_paper` VALUES ('94', 'TP18;TP393.0', '汪小霞', '', '', '人工智能;;计算机网络;;大数据', '苏州健雄职业技术学院;', '42', '06', '2019-05-22', '计算机产品与流通', 'CJFDPREP', '人工智能技术能够将网络技术与计算机技术相互结合,目前已经应用在人们实际生活中的各个领域。基于此,本文将分析大数据时代人工智能技术的应用价值。并研究大数据时代人工智能在计算机网络技术中的应用,其中主要包括入侵检测技术、防火墙技术以及数据挖掘技术在计算机网络技术中的应用。', '大数据时代人工智能在计算机网络技术中的应用', '', '2019', 'https://kns.cnki.net/kns/download.aspx?filename=wZlRRt2MzMUNLdUQBJ1c3tUVvNzMHJERv8SOKlkemRGTm1kUwkUeTR2UzVXa5wGRGJzbxlnb5hkQm10UBB1RIJUOxkTdhdDZLVEa2l2QXlTSVJVaLB3YRRnQ41ERDRjSNBDaMlXVvcWZrIHbhdUbEJDNnN3VKhES&tablename=CJFDPREP&dflag=pdfdown');
INSERT INTO `tbl_paper` VALUES ('95', 'TP393.08', '李亢亢', '', '', '计算机;;数据加密技术;;通信安全', '国家知识产权局专利局专利审查协作广东中心;', '47', '06', '2019-05-22', '计算机产品与流通', 'CJFDPREP', '随着互联网的不断发展,基于计算机的网络通信已经在各个行业领域中得到了广泛应用,并为人们的工作与生活带来了很大的帮助,但由于网络本身具有着开放性的特点,因此在计算机网络通信同样也存在着很多的安全问题,而数据加密技术作为一种数据文件的处理技术,则能够很大大提升网络通信的安全性。为此,本文对常见的数据加密技术进行了分析,并对其在计算机通信网络安全中的应用展开了探讨。', '计算机网络通信安全中数据加密技术的运用分析', '', '2019', 'https://kns.cnki.net/kns/download.aspx?filename=Qh2dwsCeolHdUllMLtSO1p0SPZFVGp3bnJ0Z0cHZJVmSz8ybmR1MmxWehVTRuREZrVTNwxUb1l3dNhEbIRUbPV0L4dzaa1kTYZnV2IjTGRDWsF1UpFVSZN0LLNTe69UUYZDSIpUNMJTbEtCRTRTbDZHci52aW5US&tablename=CJFDPREP&dflag=pdfdown');
INSERT INTO `tbl_paper` VALUES ('96', 'TP393.08', '王超', '', '', '计算机网络安全技术;;网络安全维护;;防火墙', '天津城市职业学院;', '48', '06', '2019-05-22', '计算机产品与流通', 'CJFDPREP', '进入新世纪之后,各类前沿的科学技术都取得了极大的进步并且仍在进一步发展之中,尤其是计算机技术已经被广泛使用在各行各业的生产发展之中,人们的学习、生活和工作都因此而得到了极大的便利。虽然计算机技术的不断发展为人们的信息交流提供了更便利的方式,但是,在其使用过程中仍存在许多安全隐患,所以要采取恰当手段去维护网络安全,本文为如何更好地将网络安全技术应用在网络安全维护之中作为重点阐述内容。', '浅谈网络安全维护中计算机网络安全技术的应用', '', '2019', 'https://kns.cnki.net/kns/download.aspx?filename=1Vnd1MzRkNjRHFUR5RXVix0RCdEbItSSmZzZwUDZnRFNM5kcwdlWvQ0LPFkb49Cexc1QVFFbSlEWkRWSzM3R5cXMDtUUnlWV4d0Q61EcYBDWGtCbUtEM0xUY3o3UtVjRQJXcTxGdzNlUChXdmR2TvY3QPdTUxh3N&tablename=CJFDPREP&dflag=pdfdown');
INSERT INTO `tbl_paper` VALUES ('97', 'TP393.08;TP18', '叶富东;何紫薇', '', '', '人工智能;;计算机网络技术;;人工智能', '湖北生态工程职业技术学院;', '49', '06', '2019-05-22', '计算机产品与流通', 'CJFDPREP', '科技的进步发展使信息技术获得快速发展,当今社会属于大数据时代,计算机互联网技术提升了人们的生活质量,并且促进其朝向人工智能化的发展。文中基于现代人工智能技术的应用,针对其应用于计算机互联网技术中的具体情况实施探究,以期能够为人工智能技术的发展奠定基础。', '计算机网络技术中的人工智能研究', '', '2019', 'https://kns.cnki.net/kns/download.aspx?filename=0wGd0plU1dTbFl1MrwGRR5kV0tUVtlTQH12S3l2SCJDUN5GUuxGW0wWM1cmWCd1RnZXQzN2aXJETLd2YvN0dNNUcGBlU612LO9WVRRER5lmW4JHb5ETMidFNYFXeml1KWFFMQFHMilTOh1GWMV2LKR3M58GOO5GU&tablename=CJFDPREP&dflag=pdfdown');
INSERT INTO `tbl_paper` VALUES ('98', 'TP393.08', '湛宇吉', '', '', '计算机;;网络工程;;安全问题', '池州学院;', '51', '06', '2019-05-22', '计算机产品与流通', 'CJFDPREP', '科技是第一生产力,随着时代信息化的不断发展,计算机网络逐渐深入到人们生活的方方面面,也给人们的生活带来了前所未有的便利性,人们对于计算机的依赖性也越来越强。随着计算机对人们生活影响程度的加深,对于计算机网络安全问题的呼声也越来越大,计算机网络安全不仅直接关系到用户的个人隐私和财产安全,甚至影响着国家安全和民族发展。因此,加强计算机网络工程安全不仅对于我们个人非常重要,而且对于国家也具备重要意义。本文从计算机网络工程安全中常见的几种问题出发,深刻探讨分析了计算机网络工程安全的现状,并结合现行问题,提出可行性对策。', '计算机网络工程安全问题与对策探讨', '', '2019', 'https://kns.cnki.net/kns/download.aspx?filename=ChGeLJURvtWSykFRxJTbxYXOnlnNTpVNilFdkBjW5glQrk1c0N3aydWVJpGSj1UdGRTTm1UeyhmYmF3cyEmVvUFSxlnYBNkSF5ENB5UQ1Bjc1FENlNkWvhGdE5URkVFRKhUVlplS3F2S5tGMsFjUFdFdwY3MpVDe&tablename=CJFDPREP&dflag=pdfdown');
INSERT INTO `tbl_paper` VALUES ('99', 'TP393.08', '董超胜', '', '', '网络工程;;安全防护技术;;病毒防护', '运城学院数学与信息技术学院;', '52', '06', '2019-05-22', '计算机产品与流通', 'CJFDPREP', '大数据时代的到来,让信息技术成为人们赖以生存的基础。而大数据的应用以安全可靠的网络工程环境为基础。故而,针对于现阶段网络工程的发展现状,研究网络工程安全防护技术势在必行。笔者主要对常见的网络工程安全问题进行归纳,进而提出相应的解决措施。', '网络工程安全防护技术研究', '', '2019', 'https://kns.cnki.net/kns/download.aspx?filename=vQHayZ3YEZncVJmNYZGWqtkYwhFSG1WOvEkZ3IUWLJHck5me4I0NMtiYlRzYWZWWxEGSVxWaoVmQRZ2RK1kbEtSUi9mb3QHOBt0bq1ETyp2K1ETWzgHO080Z5lmS2tETHh3Vjl3NVN3K3AVQz8EcRFkcSBzTxYGO&tablename=CJFDPREP&dflag=pdfdown');
INSERT INTO `tbl_paper` VALUES ('100', 'TP393.08', '高木旺', '', '', '计算机网络;;网络信息安全;;防护策略', '广东生态工程职业学院;', '61', '06', '2019-05-22', '计算机产品与流通', 'CJFDPREP', '自互联网进入中国以来,开始了长足的发展,互联网技术逐渐渗透到社会的各个阶层,各个行业中,计算机网络的使用逐渐普及到千家万户。到今天,计算机网络已经是企业必不可少的工具和技术。然而,计算机网络普及的同时,其安全问题也是不可避免的,特别是网络信息泄露的问题非常严重,对企业的发展和保密工作提出了更高的要求,也是计算机网络继续发展下去的重要保证。因此,本文将对计算机网络的信息安全问题进行探究和总结,并提出相应的防护策略。', '关于计算机网络信息安全及防护策略研究', '', '2019', 'https://kns.cnki.net/kns/download.aspx?filename=BxkcjNmazFnS29WS0ZEMPFTRJFXRlNXOmJTewE0atFjRBh3YRpGaz0kQvY1LWRHNzYGVtlFevlFUNtWTxxmMSBTM0VEZWF2RERVMsN3RMhDTkNkU19mYENXdod0ZKt0UtdGbDlnSrhkUXdUe5o0dUVVQ6NnZwRmc&tablename=CJFDPREP&dflag=pdfdown');

-- ----------------------------
-- Table structure for tbl_periodical
-- ----------------------------
DROP TABLE IF EXISTS `tbl_periodical`;
CREATE TABLE `tbl_periodical` (
  `id` int(11) NOT NULL,
  `category` varchar(255) DEFAULT NULL,
  `source` varchar(255) DEFAULT NULL,
  PRIMARY KEY (`id`)
) ENGINE=MyISAM DEFAULT CHARSET=utf8;

-- ----------------------------
-- Records of tbl_periodical
-- ----------------------------
INSERT INTO `tbl_periodical` VALUES ('1', '计算机', '四川师范大学电子出版社');
INSERT INTO `tbl_periodical` VALUES ('2', '心理', '中国心理卫生杂志');
INSERT INTO `tbl_periodical` VALUES ('3', '地理', '世界有色金属');
INSERT INTO `tbl_periodical` VALUES ('4', '自然科学', '海南大学学报(自然科学版)');
INSERT INTO `tbl_periodical` VALUES ('5', '地理', '南水北调与水利科技');
INSERT INTO `tbl_periodical` VALUES ('6', '计算机', '电子技术与软件工程');
INSERT INTO `tbl_periodical` VALUES ('7', '管理学', '经营与管理');
INSERT INTO `tbl_periodical` VALUES ('8', '医学', '中国现代应用药学');
INSERT INTO `tbl_periodical` VALUES ('9', '信息', '现代工业经济和信息化');
INSERT INTO `tbl_periodical` VALUES ('10', '计算机', '计算机应用');
INSERT INTO `tbl_periodical` VALUES ('11', '计算机', '计算机工程');
INSERT INTO `tbl_periodical` VALUES ('12', '新媒体', '新媒体研究');
INSERT INTO `tbl_periodical` VALUES ('13', '建筑学', '绿色环保建材');
INSERT INTO `tbl_periodical` VALUES ('14', '医学', '中国医学装备');
INSERT INTO `tbl_periodical` VALUES ('15', '计算机', '指挥信息系统与技术');
INSERT INTO `tbl_periodical` VALUES ('16', '机械', '中国机械工程');
INSERT INTO `tbl_periodical` VALUES ('17', '计算机', '软件学报');
INSERT INTO `tbl_periodical` VALUES ('18', '电子', '激光与光电子学进展');
INSERT INTO `tbl_periodical` VALUES ('19', '工业', '山东工业技术');
INSERT INTO `tbl_periodical` VALUES ('20', '信息', '信息技术');
INSERT INTO `tbl_periodical` VALUES ('21', '计算机', '计算机产品与流通');

-- ----------------------------
-- Table structure for tbl_statistics
-- ----------------------------
DROP TABLE IF EXISTS `tbl_statistics`;
CREATE TABLE `tbl_statistics` (
  `paperId` int(11) NOT NULL,
  `pageviews` int(11) DEFAULT NULL,
  PRIMARY KEY (`paperId`)
) ENGINE=MyISAM DEFAULT CHARSET=utf8;

-- ----------------------------
-- Records of tbl_statistics
-- ----------------------------
INSERT INTO `tbl_statistics` VALUES ('1', '4');
INSERT INTO `tbl_statistics` VALUES ('2', '100');
INSERT INTO `tbl_statistics` VALUES ('3', '0');
INSERT INTO `tbl_statistics` VALUES ('4', '0');
INSERT INTO `tbl_statistics` VALUES ('5', '453');
INSERT INTO `tbl_statistics` VALUES ('6', '0');
INSERT INTO `tbl_statistics` VALUES ('7', '0');
INSERT INTO `tbl_statistics` VALUES ('8', '0');
INSERT INTO `tbl_statistics` VALUES ('9', '500');
INSERT INTO `tbl_statistics` VALUES ('10', '0');
INSERT INTO `tbl_statistics` VALUES ('11', '453');
INSERT INTO `tbl_statistics` VALUES ('12', '0');
INSERT INTO `tbl_statistics` VALUES ('13', '234');
INSERT INTO `tbl_statistics` VALUES ('14', '0');
INSERT INTO `tbl_statistics` VALUES ('15', '0');
INSERT INTO `tbl_statistics` VALUES ('16', '1000');
INSERT INTO `tbl_statistics` VALUES ('17', '0');
INSERT INTO `tbl_statistics` VALUES ('18', '4354');
INSERT INTO `tbl_statistics` VALUES ('19', '0');
INSERT INTO `tbl_statistics` VALUES ('20', '0');
INSERT INTO `tbl_statistics` VALUES ('21', '45343');
INSERT INTO `tbl_statistics` VALUES ('22', '522');
INSERT INTO `tbl_statistics` VALUES ('23', '0');
INSERT INTO `tbl_statistics` VALUES ('24', '0');
INSERT INTO `tbl_statistics` VALUES ('25', '0');
INSERT INTO `tbl_statistics` VALUES ('26', '0');
INSERT INTO `tbl_statistics` VALUES ('27', '0');
INSERT INTO `tbl_statistics` VALUES ('28', '0');
INSERT INTO `tbl_statistics` VALUES ('29', '0');
INSERT INTO `tbl_statistics` VALUES ('30', '0');
INSERT INTO `tbl_statistics` VALUES ('31', '0');
INSERT INTO `tbl_statistics` VALUES ('32', '0');
INSERT INTO `tbl_statistics` VALUES ('33', '0');
INSERT INTO `tbl_statistics` VALUES ('34', '0');
INSERT INTO `tbl_statistics` VALUES ('35', '0');
INSERT INTO `tbl_statistics` VALUES ('36', '0');
INSERT INTO `tbl_statistics` VALUES ('37', '0');
INSERT INTO `tbl_statistics` VALUES ('38', '0');
INSERT INTO `tbl_statistics` VALUES ('39', '0');
INSERT INTO `tbl_statistics` VALUES ('40', '0');
INSERT INTO `tbl_statistics` VALUES ('41', '0');
INSERT INTO `tbl_statistics` VALUES ('42', '0');
INSERT INTO `tbl_statistics` VALUES ('43', '0');
INSERT INTO `tbl_statistics` VALUES ('44', '0');
INSERT INTO `tbl_statistics` VALUES ('45', '0');
INSERT INTO `tbl_statistics` VALUES ('46', '0');
INSERT INTO `tbl_statistics` VALUES ('47', '52000');
INSERT INTO `tbl_statistics` VALUES ('48', '0');
INSERT INTO `tbl_statistics` VALUES ('49', '0');
INSERT INTO `tbl_statistics` VALUES ('50', '0');
INSERT INTO `tbl_statistics` VALUES ('51', '0');
INSERT INTO `tbl_statistics` VALUES ('52', '0');
INSERT INTO `tbl_statistics` VALUES ('53', '0');
INSERT INTO `tbl_statistics` VALUES ('54', '0');
INSERT INTO `tbl_statistics` VALUES ('55', '0');
INSERT INTO `tbl_statistics` VALUES ('56', '0');
INSERT INTO `tbl_statistics` VALUES ('57', '0');
INSERT INTO `tbl_statistics` VALUES ('58', '0');
INSERT INTO `tbl_statistics` VALUES ('59', '0');
INSERT INTO `tbl_statistics` VALUES ('60', '0');
INSERT INTO `tbl_statistics` VALUES ('61', '0');
INSERT INTO `tbl_statistics` VALUES ('62', '0');
INSERT INTO `tbl_statistics` VALUES ('63', '0');
INSERT INTO `tbl_statistics` VALUES ('64', '0');
INSERT INTO `tbl_statistics` VALUES ('65', '0');
INSERT INTO `tbl_statistics` VALUES ('66', '0');
INSERT INTO `tbl_statistics` VALUES ('67', '0');
INSERT INTO `tbl_statistics` VALUES ('68', '0');
INSERT INTO `tbl_statistics` VALUES ('69', '0');
INSERT INTO `tbl_statistics` VALUES ('70', '0');
INSERT INTO `tbl_statistics` VALUES ('71', '0');
INSERT INTO `tbl_statistics` VALUES ('72', '0');
INSERT INTO `tbl_statistics` VALUES ('73', '0');
INSERT INTO `tbl_statistics` VALUES ('74', '0');
INSERT INTO `tbl_statistics` VALUES ('75', '0');
INSERT INTO `tbl_statistics` VALUES ('76', '0');
INSERT INTO `tbl_statistics` VALUES ('77', '0');
INSERT INTO `tbl_statistics` VALUES ('78', '0');
INSERT INTO `tbl_statistics` VALUES ('79', '32000');
INSERT INTO `tbl_statistics` VALUES ('80', '0');
INSERT INTO `tbl_statistics` VALUES ('81', '0');
INSERT INTO `tbl_statistics` VALUES ('82', '0');
INSERT INTO `tbl_statistics` VALUES ('83', '0');
INSERT INTO `tbl_statistics` VALUES ('84', '0');
INSERT INTO `tbl_statistics` VALUES ('85', '0');
INSERT INTO `tbl_statistics` VALUES ('86', '0');
INSERT INTO `tbl_statistics` VALUES ('87', '0');
INSERT INTO `tbl_statistics` VALUES ('88', '0');
INSERT INTO `tbl_statistics` VALUES ('89', '0');
INSERT INTO `tbl_statistics` VALUES ('90', '0');
INSERT INTO `tbl_statistics` VALUES ('91', '0');
INSERT INTO `tbl_statistics` VALUES ('92', '0');
INSERT INTO `tbl_statistics` VALUES ('93', '0');
INSERT INTO `tbl_statistics` VALUES ('94', '0');
INSERT INTO `tbl_statistics` VALUES ('95', '0');
INSERT INTO `tbl_statistics` VALUES ('96', '0');
INSERT INTO `tbl_statistics` VALUES ('97', '0');
INSERT INTO `tbl_statistics` VALUES ('98', '0');
INSERT INTO `tbl_statistics` VALUES ('99', '0');
INSERT INTO `tbl_statistics` VALUES ('100', '0');

-- ----------------------------
-- Table structure for tbl_user
-- ----------------------------
DROP TABLE IF EXISTS `tbl_user`;
CREATE TABLE `tbl_user` (
  `username` varchar(255) NOT NULL,
  `paperIds` varchar(255) DEFAULT NULL,
  `password` varchar(255) DEFAULT NULL,
  `periodicalIds` varchar(255) DEFAULT NULL,
  PRIMARY KEY (`username`)
) ENGINE=MyISAM DEFAULT CHARSET=utf8;

-- ----------------------------
-- Records of tbl_user
-- ----------------------------
INSERT INTO `tbl_user` VALUES ('test', '', '123456', '1,6,11');
INSERT INTO `tbl_user` VALUES ('admin', '', '123456', '');
INSERT INTO `tbl_user` VALUES ('test1', '', '123456', '1,6,10,11,15,17,21');
INSERT INTO `tbl_user` VALUES ('test2', '', '123456', '1,6,10,11,15,17,21');
INSERT INTO `tbl_user` VALUES ('test3', '', '123456', '1,6,10,11,15,17,21');
INSERT INTO `tbl_user` VALUES ('test4', '', '123456', '1,6,10,11,15,17,21');
INSERT INTO `tbl_user` VALUES ('test5', '', '123456', '1,6,10,11,15,17,21');
INSERT INTO `tbl_user` VALUES ('test6', '', '123456', '1,6,10,11,15,17,21');
INSERT INTO `tbl_user` VALUES ('test7', '', '123456', '1,6,10,11,15,17,21');
INSERT INTO `tbl_user` VALUES ('test8', '', '123456', '1,6,10,11,15,17,21');
INSERT INTO `tbl_user` VALUES ('test9', '', '123456', '1,6,10,11,15,17,21');
